,,,per 100g,per 100g,per 100g,per 100g,per 100g,per 100g,per 100g
Public Food Key,Food Name,Description,"Energy 
(kJ)","Protein 
(g)","Fat, total 
(g)","Fat, saturated
(g)","Carbohydrate
(g)","Sugars
(g)","Sodium (Na) 
(mg)"
F002258,"Cardamom seed, dried, ground","Ground spice commonly used in Indian cooking and drinks, in Middle Eastern cooking and in Scandinavian baking","1,240",10.8,6.7,2.2,34.4,4.4,18
F002963,"Cinnamon, dried, ground","Dried and ground bark or quills of Cinnamomum verum, C. zeylanicum or C. aromaticum, used as a spice.","1,006",4,1.2,0.62,27.5,2.2,10
F002893,"Chilli (chili), dried, ground","Dried and ground red pepper, characterised by a hot sensation when consumed as a spice.","1,231",12.3,14.3,2.06,12.9,7.2,68
F002970,"Cloves, dried, ground","Dried and ground, unopened flower buds of Syzygium aromaticum, used as a spice.","1,391",6,13,5.49,31.6,2.4,277
F003190,"Coriander seed, dried, ground","Dried and ground fruit or seed of Coriandrum sativum, used as a spice.","1,347",12.4,17.8,1.03,8.4,2.4,35
F003327,"Cumin (cummin) seed, dried, ground","Dried and ground fruit or seeds of Cuminum cymimum, used as a spice.","1,784",17.8,22.3,1.73,33.7,2.2,168
F003337,Curry powder,"Dried and ground mixture of spices for use in the preparation of Indian-style meals. Typical ingredients include the spices cumin, coriander seed and turmeric.","1,234",14.3,14,1.64,2.8,2.8,52
F003821,"Fenugreek seed, dried",Dried fenugreek seeds used as a spice.,"1,080",23,6.4,1.03,4.2,0.6,67
F004210,"Ginger, dried, ground","Dried and ground rhizome of Zingiber officinale, used as a spice.","1,400",9,4.2,2.2,57.5,3.4,27
F004365,"Herbs, mixed, dried","Dried herbs including thyme, rosemary, oregano and sage, used to flavour various dishes.","1,235",8.4,9.9,4.81,23.5,6.8,35
F005972,Mustard powder,"Dry powder composed of ground yellow mustard seeds, for use in preparation of mustard paste or incorporation into other foods.","2,294",29.4,39.5,2,17.2,5,3
F006118,"Nutmeg, dried, ground","Dried and ground seed of Myristica fragrans (M. officinalis or M. aromatica), used as a spice.","2,093",5.8,36.3,30.51,28.5,3,16
F006281,"Oregano, dried","Dried, and sometimes ground, leaves of Oreganum vulgare, used as a culinary herb.","1,100",9,4.3,1.46,26.4,4.1,25
F006316,"Paprika, dry powder",Dried and ground fruit of red capsicums (sweet red peppers).,"1,321",14.1,12.9,1.9,19.1,10.3,68
F006618,"Pepper, black, ground","Dried and ground unripe fruit of the pepper tree (Piper nigrum), used as a spice.","1,156",10.4,3.3,1.39,38.6,0.6,20
F007715,"Rosemary, dried",Dried woody herb with fragrant needle-like green leaves on small stalks.,"1,334",4.9,15.2,7.05,20.4,19.6,50
F011009,"Saffron, dried, threads or ground","Dried floral stigma of the plant Crocus sativus, used as a spice. May be intact threads or ground.","1,487",11.4,5.8,1.59,61.5,44.1,148
F007726,"Sage, dried",Dry leaves of Salvia officinalis used as a herb.,"1,322",10.6,12.8,7.03,20.4,1.7,11
F011011,"Tarragon, dried",Dried aromatic green leafy herb with a subtle anise-like flavour.,"1,376",22.8,7.2,1.88,38.9,8.2,62
F009160,"Thyme, dried, ground","Dried, and sometimes ground, leaves of Thymus vulgaris, used as a culinary herb.","1,184",9.1,7.4,3.7,26.9,1.7,55
F009335,"Turmeric, dried, ground","Dried and ground rhizome of Curcuma domestica or C. longa, used as a spice.","1,222",9.7,3.2,1.88,44.4,3.2,27
F009533,"Wattle seed (acacia), ground",Dried and ground seeds of the Acacia species native to Australia.,"1,155",20.6,8,2.13,6.2,0.7,98
F007870,"Salt substitute, potassium chloride","Product sold as a replacement for regular table salt, containing predominantly potassium chloride.",0,0,0,0,0,0,33
F007878,"Salt, table, iodised","Fine granules of sodium chloride sold for direct addition to foods, to which iodine has been added in the form of potassium iodate or iodide. May contain free-flowing agents.",0,0,0,0,0,0,"38,168"
F007879,"Salt, table, non-iodised",Fine granules of sodium chloride sold for direct addition to foods. May contain free-flowing agents and small amounts of other minerals such as potassium.,0,0,0,0,0,0,"38,178"
F008933,"Stock, dry powder or cube",Concentrated meat stock that is dried and supplied as a powder or compressed into a cube. Contains ingredients such as salt and flavours.,904,11.3,8.9,4.38,22.5,4.3,"18,400"
F008936,"Stock, liquid, all flavours (except fish), prepared from commercial powder or cube","Savoury liquid prepared by diluting commercial stock powder or cubes with water. Can be consumed alone, or used as an ingredient to flavour recipes. Contains ingredients such as salt and flavours.",18,0.2,0.2,0.08,0.4,0.1,362
F009072,"Taco seasoning mix, chilli-based","Powdered product intended for addition to meat and other ingredients to prepare Mexican-style dishes such as taco filling. Typical ingredients include salt, sugar, maize starch, spices, chilli and citric acid.","1,371",6.2,4.8,1.28,58.1,28.5,"6,238"
F000247,"Baking powder, dry powder","Fine white powder used to chemically leaven baked goods such as cakes. Composed of 50% cream of tartar, 25% baking soda (bicarb), and 25% starch.",365,0.8,0.3,0.05,19.8,0,"6,868"
F000248,"Baking soda (bicarbonate), dry powder",Fine white powder used to chemically leaven baked goods such as cakes.,0,0,0,0,0,0,"27,360"
F003250,"Cream of tartar, dry powder","Purified, crystallised potassium bitartrate, used as the acid component of some fast acting baking powder mixtures.",2,0,0,0,0,0,52
F005158,"Lecithin, soy, granules","Phospholipid-rich granular extract of soy beans, often used in baking and as an emulsifier, as purchased from supermarkets for domestic use.","2,628",6,62.4,14.5,4.9,4.4,11
F004196,"Gelatine, all types","Unflavoured light yellow granular proteinaceous powder. Used to sweeten and thicken soups, sauces and desserts.","1,449",84.4,0.4,0.19,0,0,330
F009351,"Vanilla, artificial or imitation","Solution containing the substance vanillin, used as a flavouring agent.",245,0,0,0,14.4,14.4,3
F009350,Vanilla bean extract,"Alcoholic extract of the vanilla bean (Vanilla plantifolia or V. tahitensis), used as a flavouring agent.","1,216",0.1,0.1,0.02,12.6,12.6,9
F006613,"Pectin, powder, unsweetened","Fine white or pale yellow powder derived from fruit. Used as a thickening agent in food, and to give jelly-like consistency to jams and marmalades. Nutrient data may differ in commercial preparations.",725,0.4,0.1,0.03,0,0,450
F009606,"Yeast, dry powder","A cream or pale grey powder with a fine, smooth texture. Active raising agent used domestically to leaven a wide range of breads, cakes and pastries.","1,126",36.4,5,0.75,6.3,0,170
F000996,"Beer, high alcohol (5% v/v & above)","Alcoholic beverage characterised by the presence of hops or preparations of hops, prepared by the yeast fermentation of an aqueous extract of malted or unmalted cereals (usually barley), using warm temperature fermentation. Greater than or equal to 5% v/v alcohol.",178,0.5,0,0,2.1,0.2,4
F000994,"Beer, full strength (alcohol 4-4.9% v/v)","Alcoholic beverage characterised by the presence of hops or preparations of hops, prepared by the yeast fermentation of an aqueous extract of malted or unmalted cereals (usually barley), using low fermentation temperatures. Alcohol content between 4-4.9% v/v alcohol.",154,0.4,0,0,2.3,0,4
F001006,"Beer, mid-strength (alcohol 3-3.9% v/v)","Alcoholic beverage characterised by the presence of hops or preparations of hops, prepared by the yeast fermentation of an aqueous extract of malted or unmalted cereals (usually barley), so as to restrict alcohol formation or to remove alcohol after fermentation. Products are described on label as mid strength. Alcohol content between 3-3.9% v/v alcohol.",132,0.3,0,0,2.2,0,3
F001004,"Beer, light (alcohol 1-2.9% v/v)","Alcoholic beverage characterised by the presence of hops or preparations of hops, prepared by the yeast fermentation of an aqueous extract of malted or unmalted cereals (usually barley), so as to restrict alcohol formation or to remove alcohol after fermentation. Products are described on label as Light or Lite. Alcohol content between 1- less than 3% v/v alcohol.",101,0.2,0,0,2.2,0,3
F000051,"Alcoholic beverage, spirit, approximately 40% v/v, all (Brandy, Gin, Rum, Vodka and Whisky)","Includes beverages obtained from the distillation of wine or fermented sugar, cereals or potatoes, or the fermented preparation of grapes or grape products.",892,0,0,0,0.1,0.1,3
F000050,"Alcoholic beverage, spirit, approximately 30% v/v, all (Brandy, Gin, Rum, Vodka and Whisky), cooked","Includes beverages obtained from the distillation of wine or fermented sugar, cereals or potatoes, or the fermented preparation of grapes or grape products, that has been heated until a large proportion of alcohol has evaporated.",303,0,0,0,0.3,0.3,2
F002955,"Cider, apple (alcohol approximately 4-5% v/v)","Alcoholic beverage prepared from fermented apples with significant residual sugars. Includes cider produced in Australia, New Zealand and Denmark. Approximately 4% alcohol.",217,0,0,0,5.6,5.6,3
F005701,Mirin,"Commercially prepared rice based sweet cooking wine, commonly used in Japanese style cooking.",733,0.3,0,0,26.6,26.6,3
F009572,"Wine, red, cabernet sauvignon","Alcoholic beverage produced by fermentation of grape juice from the cabernet sauvignon grape, with prolonged grape skin contact to produce wine of a deep red colour. Includes wine produced in Australia. Approximately 12% v/v alcohol.",336,0.3,0,0,0.2,0.2,4
F009574,"Wine, red, merlot","Alcoholic beverage produced by fermentation of grape juice from the merlot grape, with prolonged grape skin contact to produce wine of a deep red colour. Includes wine produced in Australia and New Zealand. Approximately 12% v/v alcohol.",335,0.3,0,0,0.4,0.4,5
F009575,"Wine, red, pinot noir","Alcoholic beverage produced by fermentation of grape juice from the pinot noir grape, with prolonged grape skin contact to produce wine of a deep red colour. Includes wine produced in Australia and New Zealand. Approximately 12% v/v alcohol.",325,0.2,0,0,0.2,0.2,2
F009577,"Wine, red, shiraz","Alcoholic beverage produced by fermentation of grape juice from the shiraz grape, with prolonged grape skin contact to produce wine of a deep red colour. Includes wine produced in Australia only. Approximately 12% v/v alcohol.",347,0.2,0,0,0.2,0.2,7
F009578,"Wine, red, sparkling","Alcoholic beverage produced by fermentation of grape juice from red wine grapes, retaining significant quantities of dissolved carbon dioxide. Approximately 13% v/v alcohol.",345,0.2,0,0,2,2,7
F009573,"Wine, red, cooked","Alcoholic beverage produced by fermentation of grape juice with prolonged contact with grape skins, that has been heated until the majority of alcohol has evaporated.",121,0.3,0,0,0.2,0.2,5
F009579,"Wine, rose",Alcoholic beverage produced by fermentation of grape juice so that the wine has a pale pink colour. Includes wine produced in Australia and New Zealand. Approximately 13% v/v alcohol.,295,0.2,0,0,0.7,0.7,5
F009583,"Wine, white, sauvignon blanc","Alcoholic beverage produced by fermentation of grape juice from the sauvignon blanc grape, produced with little contact with grape skins so that the wine is pale yellow in colour with little sugars remaining. Includes wine produced in Australia and New Zealand. Approximately 12% v/v alcohol.",301,0.2,0,0,0.1,0.1,2
F009584,"Wine, white, semillon","Alcoholic beverage produced by fermentation of grape juice from the semillon grape, produced with little contact with grape skins so that the wine is pale yellow in colour with little sugars remaining. Includes wine produced in Australia only. Approximately 12% v/v alcohol.",275,0.2,0,0,0.2,0.2,6
F009582,"Wine, white, chardonnay","Alcoholic beverage produced by fermentation of grape juice produced from the chardonnay grape, with little contact with grape skins so that the wine is pale yellow in colour with little sugars remaining. Includes wine produced in Australia. Approximately 13% v/v alcohol.",315,0.3,0,0,0.3,0.3,4
F009586,"Wine, white, riesling","Alcoholic beverage prepared by fermentation of grape juice produced from the riesling grape, with little contact with grape skins so that the wine is pale yellow in colour with some sugars remaining. Includes wine produced in Australia. Approximately 12% v/v alcohol.",298,0.2,0,0,0.4,0.4,7
F009580,"Wine, white, cooked","Alcoholic beverage produced by fermentation of grape juice with little contact with grape skins, then heated until the majority of alcohol has evaporated.",107,0.2,0,0,0.3,0.3,5
F009590,"Wine, white, sparkling",Alcoholic beverage prepared by fermentation of grape juice produced with little grape skin contact so that the wine is pale yellow in colour and retains significant quantities of dissolved carbon dioxide. Includes wine described as brut or semi-brut in style produced in Australia and France. Approximately 12% v/v alcohol.,312,0.2,0,0,1,1,2
F009592,"Wine, white, sweet dessert style","Alcoholic beverage prepared by fermentation of grape juice with little grape skin contact, so that the wine is golden in colour and retains a high level of residual sugars (approximately 10% sugars). Includes botrytised wine produced in Australia and New Zealand. Approximately 10% v/v alcohol.",517,0.4,0,0,14.7,14.7,13
F009566,"Wine, fortified, port","Sweet, alcoholic beverage prepared from fermented grape juice to which additional alcohol is added. Approximately 16% v/v alcohol.",614,0.2,0,0,12.4,12.4,15
F009567,"Wine, fortified, sherry, dry style (approximately 1% sugars)",Fermented grape juice to which additional alcohol is added and with a low sugars content (approximately 1%). Approximately 18% v/v alcohol.,439,0.1,0,0,1.2,1.2,19
F009568,"Wine, fortified, sherry, sweet style (approximately 11% sugars)",Fermented grape juice to which additional alcohol is added. Approximately 14% v/v alcohol.,590,0.2,0,0,11.1,11.1,18
F001029,"Beverage base, chocolate flavour, added vitamins & minerals (Milo)","Dry beverage base used to prepare a chocolate flavoured beverage with the addition of milk. Typical ingredients include malted cereals, milk solids and cocoa. Contains added iron, calcium and vitamins B2, B3, B6, B12, C & D. Milo brand is an example of such a product.","1,654",12.4,9.9,6.57,60.1,43.7,100
F001032,"Beverage base, chocolate flavour, unfortified (Nesquik brand)","Dry beverage base used to prepare a chocolate flavoured beverage with the addition of milk. Typical ingredients include sugar, cocoa, soy lecithin and salt. No added vitamins or minerals.","1,655",5.3,2.8,1.38,83.2,81,0
F001036,"Beverage base, drinking chocolate, unfortified","Unfortified powdered mixture of sugar and cocoa or chocolate used for mixing with milk or water to produce a beverage. Other ingredients may include maltodextrin, milk solids, soy lecithin, salt, flavour.","1,583",5.6,4.8,2.88,76.3,74.3,160
F002980,Cocoa powder,Powder produced from the liquor extracted from cocoa beans. Typically used to flavour beverages and in baking.,"1,336",22.1,15.2,9.17,10.5,1.5,81
F010642,"Protein powder, hemp seed based","Commercially prepared protein powder from the hulled hempseed after the oil has been extracted, milled into powder and much of fibre removed by sieving to get concentrated protein. Product of New Zealand and imported.","1,405",35.8,13.5,1.49,4.4,4.2,0
F007493,"Protein powder, whey based, protein >70%, unfortified","White powder prepared from cows milk by refining and dehydrating the whey component to achieve a protein content of greater than 70%. Does not contain added flavours, vitamins or minerals.","1,569",85,2.2,1.23,1.6,1.3,200
F003060,"Coffee, instant, dry powder or granules","Dried extract of coffee beans, used to produce a beverage by the addition of boiling water.",596,18,0.3,0.11,3.6,3.4,61
F003061,"Coffee, instant, dry powder or granules, decaffeinated","Dried extract of decaffeinated coffee beans, used to produce a beverage by the addition of boiling water.",596,18,0.3,0.11,3.6,3.4,61
F003017,"Coffee, black, from instant coffee powder","Beverage made from instant coffee powder or granules to which boiling water is added. Does not contain added flavour, milk or sugar.",8,0.2,0,0,0.2,0,0
F003018,"Coffee, black, from instant coffee powder, decaffeinated","Beverage made from instant decaffeinated coffee powder or granules to which boiling water is added. Does not contain added flavour, milk or sugar.",8,0.2,0,0,0.2,0,0
F003041,"Coffee, espresso, from ground coffee beans","Beverage prepared from ground coffee beans and a small amount of hot water, as purchased in takeaway outlets or restaurants. Does not contain added flavour, milk or sugar.",40,1.7,0.3,0.11,0,0,2
F003065,"Coffee, long black, from ground coffee beans","Beverage prepared from ground coffee beans to which a large volume of hot water is added. Does not contain added milk, sugar, or flavour.",8,0.3,0.1,0.02,0,0,3
F003130,"Cordial base, 25% citrus fruit juice, regular","Concentrated sugar-based syrup containing a minimum of 25% citrus fruit juice (typically orange or lemon juice), used to prepare a beverage by dilution with water.",646,0,0,0,37.3,37.3,12
F003135,"Cordial base, 40% citrus fruit juice, regular","Concentrated sugar-based syrup containing at least 40% citrus fruit juice (typically orange or lemon juice), used to prepare a beverage by dilution with water.",703,0.2,0,0,40.2,40.2,43
F003128,"Cordial base, blackcurrant juice, regular","Concentrated sugar-based syrup containing a minimum of 5% blackcurrant juice, used to prepare a beverage by dilution with water.",778,0.1,0,0,45,45,0
F009928,"Cordial base, fruit juice/flavours, intense sweetened or diet","Concentrated syrup containing fruit juice or fruit flavour and intense sweeteners (acesulphame potassium, cyclamate, sucralose).",133,0,0,0,7.1,7.1,56
F004663,"Juice, apple, commercial, added vitamin C",Commercial beverage prepared by crushing apples and filtering or clarifying the resultant juice. Contains added vitamin C. Does not contain added sugar.,130,0.2,0,0,7,7,6
F004656,"Juice, apple & blackcurrant, commercial",Commercial beverage prepared from crushed apples and blackcurrants. Does not contain added sugar.,175,0.2,0,0,9.3,9.3,6
F004726,"Juice, lemon",Commercial or homemade liquid prepared from the endocarp of lemons.,128,0.6,0.1,0,1.8,1.8,3
F004729,"Juice, lime",Commercial or homemade liquid prepared from the endocarp of limes.,134,0.8,0.1,0,1.2,1.2,2
F004739,"Juice, orange, commercial","Commercial beverage which is prepared from the endocarp of oranges. Contains added vitamin C, but does not contain added sugar.",144,0.8,0,0,6.8,6.8,2
F004731,"Juice, orange & mango, commercial","Commercial beverage prepared from 95% orange juice and 5% mango juice. Contains added vitamin C, but does not contain added sugar.",157,0.6,0,0,7.7,7.7,4
F010307,"Juice, vegetable blend, commercial","Commercial beverage prepared from tomato, carrot, sweet potato, celery, beetroot and other vegetable juices. Contains added salt, but no added sugar.",74,0.9,0,0,2.7,2.1,240
F004099,"Fruit drink, apple juice","Commercially prepared product made from 20-35% apple juice, water, sugars and food acids. May contain added vitamin C. ",146,0.1,0,0,8.2,7.8,5
F004101,"Fruit drink, blackcurrant, commercial","Commercially prepared beverage made from approximately 6% blackcurrant juice, water, sugar and food acid. Contains added vitamin C.",169,0.2,0,0,9.8,9.8,0
F004102,"Fruit drink, cranberry","Commercially prepared beverage made from 25% cranberry juice, water, sugar and food acid. May contain added vitamin C.",208,0,0,0,12.2,11.3,9
F004114,"Fruit drink, orange juice","Commercially prepared beverage made from 25% orange juice, water, sugar and food acid. Does not contain added vitamin C.",175,0.2,0,0,9.6,9.6,9
F008402,"Soft drink, cola flavour","Carbonated, non-alcoholic beverage containing water, sugar, cola flavour, caffeine and colours.",218,0,0.2,0,12.3,12.3,2
F008403,"Soft drink, cola flavour, decaffeinated","Decaffeinated, carbonated, non-alcoholic beverage containing water, sugar, cola flavour.",218,0,0.2,0,12.3,12.3,2
F008404,"Soft drink, cola flavour, intense sweetened or diet","Carbonated, non-alcoholic beverage containing water, intense sweeteners, cola flavour, caffeine and colours.",0,0,0,0,0,0,5
F008405,"Soft drink, cola flavour, intense sweetened or diet, decaffeinated","Decaffeinated, carbonated, non-alcoholic beverage containing water, intense sweeteners, cola flavour and colours.",0,0,0,0,0,0,5
F008411,"Soft drink, dry ginger ale or ginger beer, regular","Carbonated, non-alcoholic beverage prepared from water, sugar, and colours.",168,0,0,0,9.8,9.8,7
F008438,"Soft drink, fruit flavours","Carbonated, non-alcoholic beverage prepared from water, sugar and citric acid.",152,0,0,0,8.8,8.8,14
F008460,"Soft drink, tonic water","Carbonated, non-alcoholic beverage prepared from water and sugar with added quinine.",151,0,0,0,8.8,8.8,12
F008439,"Soft drink, fruit flavours, intense sweetened or diet","Carbonated, non-alcoholic beverage prepared from water, intense sweetener, fruit flavours and colours.",2,0,0,0,0,0,14
F008461,"Soft drink, tonic water, intense sweetened or diet","Carbonated, non-alcoholic beverage prepared from water and intense sweetener with added quinine.",2,0,0,0,0,0,12
F008421,"Soft drink, energy drink, Red Bull","Carbonated, non-alcoholic water-based flavoured beverage containing added caffeine, taurine, glucuronolactone, inositol, niacinamide, pantothenic acid, vitamins B6 and B12.",195,0.1,0,0,10.8,10.8,71
F008424,"Soft drink, energy drink, V","Carbonated, non-alcoholic water-based flavoured beverage containing added caffeine, taurine, guarana, inositol, glucoronolactone, pantothenic acid, vitamins B2, B3, B6 and B12. May also contain ginkgo bilboa extract.",195,0.1,0,0,10.8,10.8,110
F009795,"Kombucha, flavoured, added juice or intense sweeteners",Beverage prepared by the fermentation of green or black tea with a combination of yeast and bacteria. Contains intense sweeteners and added flavours such as fruit juice. Ready to drink. ,29,0,0,0,0.9,0.8,0
F009125,"Tea, regular, black, brewed from leaf or teabags, without milk","Beverage prepared by brewing black tea leaves (dried, fermented leaves of Camellia sinensis) in hot water, either as loose tea leaves or encased in porous teabags. Tea is not decaffeinated or flavoured. Does not contain added milk or sugar.",1,0.1,0,0,0,0,0
F009115,"Tea, black, brewed from leaf or teabags, decaffeinated","Beverage prepared by brewing black decaffeinated tea leaves (dried, fermented leaves of Chrysanthemum species) in hot water, either as loose tea leaves or encased in porous teabags. Does not contain added flavours, milk or sugar.",1,0.1,0,0,0,0,0
F009117,"Tea, green, plain, without milk","Beverage prepared by brewing green, unfermented tea leaves in hot water, either as loose tea leaves or encased in porous teabags. Does not contain added flavours, milk or sugar.",4,0.2,0,0,0,0,1
F005696,"Mineral water, natural, unflavoured","Carbonated or naturally sparkling ground water obtained from subterranean water-bearing strata that, in its natural state, contains soluble matter. No added sugar or flavours.",0,0,0,0,0,0,8
F005694,"Mineral water, citrus flavoured","Carbonated, non-alcoholic beverage containing 5% citrus juice (orange and lemon), mineral water and sugar.",67,0,0,0,3.7,3.7,15
F009516,"Water, bottled, still","Still, non-carbonated water bottled prior to sale. May include spring water.",0,0,0,0,0,0,1
F008377,"Water, soda",Carbonated water.,0,0,0,0,0,0,3
F009527,"Water, tap","Water as supplied through the municipal water system. Values are approximations of those reported across Australia, and may vary according to location or time of year.",0,0,0,0,0,0,3
F001115,"Biscuit, savoury, corn cake, plain, salted","Commercially prepared, round or square, savoury dry cake, made from puffed corn and salted.","1,548",9.8,3,0.42,71.5,0.4,240
F001152,"Biscuit, savoury, rice cracker, plain","Commercially prepared savoury biscuit made predominantly from rice flour, with added salt and/or 'original' flavours.","1,627",7,4.3,0.81,78.8,0.7,400
F001147,"Biscuit, savoury, rice cake, from brown rice, plain","Commercially prepared, round or square, savoury dry cake, approximately 1 cm thick, made from brown puffed rice. Does not contain added flavour. May contain added salt.","1,604",8.8,3.5,0.6,76.3,0.8,41
F001118,"Biscuit, savoury, from rye flour, crispbread","A thin, flat rectangle of dry bread made predominantly from rye flour. Commercially prepared; some brands may include a proportion of wheat flour.","1,359",8.8,1.3,0.17,60.6,2.8,240
F009832,"Biscuit, savoury, seed based","Savoury biscuit based predominately on seeds (e.g. linseed, pumpkin seed, poppy seed, sesame seed) with added salt.","2,396",20.1,49.6,5.78,6,1.4,500
F001123,"Biscuit, savoury, from white wheat flour, flaky cracker style","Commercially prepared, square, plain savoury biscuit made from white wheat flour, with a flaky or layered texture.","2,070",11.5,20.7,9.68,63.6,3.6,639
F001126,"Biscuit, savoury, from white wheat flour, plain snack cracker style","Commercially prepared, small, plain savoury biscuit made from white wheat flour and added fat, sprinkled with salt.","2,064",8.1,20.7,9.08,66.3,6.7,609
F001129,"Biscuit, savoury, from white wheat flour, Salada style",Commercially prepared square biscuits made from white wheat flour with added fat and sprinkled with salt.,"1,786",9.2,14.2,3.8,63.1,1.2,830
F001133,"Biscuit, savoury, from white wheat flour, water cracker style","Commercially prepared round, savoury biscuits made from white wheat flour and water.","1,652",10.4,7.2,3.12,69.4,2,560
F001137,"Biscuit, savoury, from wholemeal wheat flour, crispbread","Commercially prepared savoury thin, flat, biscuit made from wholemeal wheat flour (plain varieties).","1,569",10.6,8.1,0.7,59.1,2,450
F001120,"Biscuit, savoury, from wheat flour, crispbread, puffed & toasted","A thin, flat rectangle of puffed, toasted dry bread made from white wheat flour.","1,566",12.3,5.6,3.4,66.1,3.6,380
F001164,"Biscuit, sweet, Anzac style, commercial","Commercially prepared sweet crunchy oat based biscuit. Typical ingredients include rolled oats, wheat flour, coconut and golden syrup.","1,972",5.8,22.1,13.35,60.3,32,300
F001182,"Biscuit, sweet, chocolate flavoured, commercial","Commercially prepared crunchy chocolate flavoured biscuit, commonly containing wheat flour, sugar, cocoa, fats, and eggs.","1,985",6.2,17.2,8.38,72.4,31,308
F001195,"Biscuit, sweet, ginger flavoured, commercial",Commercially prepared sweet crunchy ginger flavoured biscuits.,"1,812",4.8,10.6,5.09,77.7,39,358
F001215,"Biscuit, sweet, plain","Commercially prepared sweet plain biscuit, made without added flavourings, chocolate, fruit or nuts.","1,893",6.4,15.8,7.56,69.4,24.7,289
F001225,"Biscuit, sweet, plain, sponge finger, commercial","Commercially prepared sweet, plain sponge finger biscuit typically made from wheat flour, sugar, egg and raising agents. ","1,637",7,4.3,2.06,78.7,34,75
F001244,"Biscuit, sweet, shortbread style, commercial","Commercially prepared shortbread-style biscuits. Ingredients may include butter, wheat flour, sugar and rice flour.","2,130",6.2,26.3,16.06,60.8,20.4,270
F001250,"Biscuit, sweet, wafer style","Sweet biscuit, often served on top of ice cream. Typically made from wheat flour, cornflour, fat, sugar and salt.","1,715",8.6,5.7,1.03,78.3,2.5,508
F001251,"Biscuit, sweet, wheatmeal",Commercially prepared sweet biscuit made from wheat flour with added wheatmeal.,"1,749",7.8,11.7,1.28,67,21.6,423
F003095,"Cone, wafer style, for ice cream","Wafer shaped into a cone or similar shape, used for serving ice cream.","1,683",9.1,4,0.72,79.7,2.6,328
F001401,"Bread, flat (pita or Lebanese), white, commercial","Flat bread made from white wheat flour. Includes a range of styles, including Lebanese, pita, naan, tortillas, mountain bread and wraps. May vary in diameter. Contains added folic acid, iodised salt and thiamin. Ready to eat.","1,105",9.5,2.1,0.62,49.1,3.1,498
F001404,"Bread, flat (pita or Lebanese), wholemeal, commercial","Double layered, Middle Eastern style flat bread made from wholemeal wheat flour with a small amount of crumb adhering to both crusts. May vary in diameter. Contains added folic acid, iodised salt and thiamin.","1,077",8.6,2,0.46,47.2,3.1,470
F001647,"Bread, Naan, commercial","Commercial Indian yeast-leavened bread based on white wheat flour, water, oil and yoghurt generally baked in a tandoor-style oven. May contain added vitamins (thiamin, riboflavin, folate), minerals (calcium, iron) and iodised salt. ","1,230",8,7.1,1.35,47.8,6,630
F001669,"Bread, tortilla, white, commercial","Single layered flat bread made from white wheat flour, oil, salt and water. Generally contains added folic acid, iodised salt and thiamin.","1,267",7.3,9,3.97,46.3,4.3,750
F001415,"Bread, wrap, white, commercial","Single layered flat bread made from white wheat flour and water. Contains added folic acid, iodised salt and thiamin.","1,271",7.8,8.4,3.71,46.9,5.3,610
F009854,"Bread, flat wrap or tortilla, corn, commercial","Single layered flat bread made from corn flour and water. May contain wheat flour and added folic acid, iodised salt and thiamin.","1,003",4.8,3.2,0.43,44.8,4.5,370
F001683,"Breadcrumbs, white",Crisp crumbs crushed from white bread which has been dried and packaged before sale. Contains added folic acid and iodised salt.,"1,603",14,4.1,0.5,68.5,4.6,650
F000233,"Bagel, from white flour, commercial",A ring of baked yeast dough with a chewy centre and a crusty outside. It is typically 8-10cm in diameter. Usually poached in water or steamed before being baked. Contains added folic acid and iodised salt. Ready to eat.,"1,115",10.4,1.4,0.2,50.7,6.2,490
F001463,"Bread, from white flour","Commercially prepared, sliced or unsliced bread made from white, wheaten bread-making flour and other permitted ingredients. Contains added folic acid, iodine and thiamin. Ready to eat.","1,053",9.5,2,0.28,46.2,3.1,439
F001528,"Bread, from white flour, Italian-style, commercial","Commercially prepared, Italian style bread made from white, wheaten bread-making flour and other permitted ingredients. Contains added folic acid, iodised salt and thiamin.","1,072",9,2.5,0.44,46.8,2,500
F001671,"Bread, from white flour, Turkish","Commercial yeast leavened, thin, soft-crusted white bread typically prepared from white wheat flour, olive oil, water, yeast, sugar, salt and sesame seeds. Contains added folic acid, iodised  salt and thiamin.","1,038",7.8,2.8,0.36,45.5,2.2,530
F001537,"Bread, from white flour, sour dough, commercial","Commercially prepared sour dough made from white, wheaten bread-making flour and other permitted ingredients. Contains added thiamin, folic acid and iodised salt. Ready to eat.",961,8.8,1.4,0.45,42.9,1.2,490
F001545,"Bread, organic","Commercially prepared, sliced or unsliced bread made from white, wholemeal or rye wheaten bread-making flour and other permitted ingredients. May contain added folic acid and iodine, in addition to thiamin.","1,035",11.6,2.9,0.57,40.3,1.3,490
F001653,"Bread, pizza base, commercial","Pre-prepared pizza bases made from white flour, purchased in supermarkets. Does not contain any toppings. Usually contains added folic acid, thiamin and iodised salt. ","1,113",8.6,3.3,0.52,48.5,3.7,390
F001353,"Bread roll, from white flour","Commercially prepared bread made from white, wheaten bread-making flour and other permitted ingredients. Dough is shaped into individual serves before baking. Contains added folic acid, iodised salt and thiamin.","1,048",9.3,2.9,0.47,44.6,3.4,380
F001553,"Bread, from wholemeal flour","Commercially prepared, sliced or unsliced bread made from wheat flour containing all the milled constituents of the wheat grain. Contains added folic acid, iodine and thiamin.",996,10.4,2.5,0.39,39.2,3.2,418
F001360,"Bread roll, from wholemeal flour","Commercially prepared bread made from wholemeal, wheaten bread-making flour and other permitted ingredients. Dough is shaped into individual serves before baking. Contains added folic acid, iodised salt and thiamin. Cooked by toasting after purchase.","1,098",10.1,3,0.53,45.2,3,560
F001621,"Bread, mixed grain","Commercially prepared sliced or unsliced bread made from white and/or wholemeal flour with added kibbled grains. Contains added folic acid, iodised salt and thiamin.","1,080",10.7,4.5,0.58,39.8,2.5,409
F001365,"Bread roll, mixed grain","Commercially prepared bread made from white and/or wholemeal flour with added kibbled grains. Dough shaped into a single serve before baking. Contains added folic acid, iodised salt and thiamin.","1,048",12.2,3,0.45,40.3,2.3,660
F001658,"Bread, pumpernickel, commercial","Commercially prepared bread made from a mixture of rye flour, rye meal and kibbled or cracked rye grains, resulting in a dark brown colour. Contains added folic acid, iodised salt, and thiamin. ",906,6.4,1.6,0.31,39.1,4.3,730
F001431,"Bread, from rye flour, dark, commercial","Commercially prepared bread made from rye flour, or a combination of rye and wheat flour. Contains added folic acid, iodised salt and thiamin.",970,8.5,2,0.37,40.8,2.5,530
F001440,"Bread, from rye flour, light, commercial","Commercially prepared bread made from rye flour, or a combination of rye and wheat flour, that is lighter and softer with a milder flavour than dark rye bread. Contains added folic acid, iodised salt and thiamin.","1,059",9,2.4,0.52,45.6,2.2,430
F001450,"Bread, from rye flour, sour dough","Commercially prepared sour dough made from white, wheaten bread-making flour and rye flour and other permitted ingredients. Contains added thiamin, folic acid and iodised salt.",982,9.2,1.6,0.31,42.7,2,510
F001468,"Bread, from white flour, added fibre","Commercially prepared bread made from white, wheaten bread-making flour and other permitted ingredients. Contains added fibre and/or added high amylose maize starch, folic acid, iodised salt and thiamin.","1,035",9.7,1.7,0.26,43.6,2.5,448
F001484,"Bread, from white flour, added omega-3 polyunsaturates","Commercially prepared bread made from white, wheaten bread-making flour and other permitted ingredients. Contains added omega-3 fatty acids, folic acid, iodised salt and thiamin.","1,057",9.1,2.1,0.5,46.6,2.4,448
F001543,"Bread, from white Jackaroo flour, added fibre and vitamins B1 & folate & Fe","Commercially prepared bread made from white, wheaten Jackaroo brand bread-making flour specifically formulated in conjunction with the Northern Territory Government. Contains added vitamins B1 and folate, iron and other permitted ingredients.","1,056",8.3,2.3,0.35,45.7,3.8,410
F001603,"Bread, gluten free","Commercially prepared bread made from grains other than wheat such as buckwheat groats, cornmeal, rice and quinoa. May contain added folic acid and iodised salt. Ready to eat.",891,5.5,3.9,0.51,36.6,2.6,526
F010407,"Bread, brioche","Rich bread, bun or roll made from yeasted wheat flour, eggs, and butter or other fat. May contain added folic acid and iodised salt.","1,364",9.5,10.6,3.62,46.5,11.8,400
F001457,"Bread, from white flour, commercial, added dried fruit","Commercially prepared bread made from white wheat flour and containing 10- 25% added dried fruit. Contains added folic acid, iodised salt and thiamin.","1,129",8.8,3.7,0.75,47.3,18.1,312
F001940,"Bun, sweet, with dried fruit, uniced","Commercially prepared sweet bun made from yeasted wheat flour, containing added dried fruit, with sugar glaze on the top. Contains added folic acid and iodised salt.","1,259",6.5,5,0.93,55.2,22.3,337
F003313,"Crumpet, from white flour, toasted","Commercially prepared, batter-based product containing white, wheat flour, approximately 10 cm diameter and 1cm thick. Batter is leavened with yeast or with chemical agents and contains added salt and preservatives. Cooked on one side only and has an open honeycomb structure on the top surface. Contains added folic acid. Toasted until lightly brown.",933,7.1,1.2,0.31,43.3,2.6,860
F005896,"Muffin, English style, from white flour",A round yeasted dough made from white wheat flour (approximately 8.5 cm in diameter and 2 cm thick) that has been baked. Contains added folic acid and iodised salt.,939,10.1,2.1,0.34,38.7,1.7,418
F001708,"Breakfast cereal, flakes of corn, unfortified",Breakfast cereal made from flakes of corn with added salt and sugar. Does not contain added vitamins or minerals.,"1,566",7.3,2.9,0.39,75.6,7.7,270
F001701,"Breakfast cereal, flakes of corn, added vitamins & minerals (Kellogg's Cornflakes)","Breakfast cereal made from flakes of corn with added vitamins B2, B3, B6, E and folic acid, iron and zinc.","1,634",7.9,1.8,0.29,81.8,8.9,485
F001755,"Breakfast cereal, mixed grain (wheat, corn, rice & oat), flakes, dried fruit & nuts, added vitamins & minerals (Kellogg's Sustain)","Breakfast cereal made from flakes of wheat, rice, oats and corn with added dried fruit, nuts and salt. Contains added vitamins B2, B3, B6, folic acid and iron and zinc.","1,526",8.3,3.5,0.4,70.3,18.2,120
F001788,"Breakfast cereal, mixed grain (wheat, rice & oat), flakes, honey, unfortified (Be Natural Honey Flakes)","Breakfast cereal made from flakes of wheat, oats, rice and triticale with added honey, sugar and salt. Does not contain any added vitamins and minerals.","1,500",8.4,4.1,0.66,65,11.9,220
F001720,"Breakfast cereal, mixed grain (rice & wheat), flakes, added vitamins & minerals (Kellogg's Special K)","Breakfast cereal made from flakes of lightly toasted rice and wheat grains with sugar and salt added. Contains added vitamins B2, B3, B6, D and folic acid and calcium, iron and zinc.","1,682",18.2,4.1,0.78,70.5,13.2,474
F001767,"Breakfast cereal, mixed grain (wheat, oat & corn), added vitamins & minerals (Kellogg's Nutri-grain)","Breakfast cereal made from wheat, oatmeal and maize flour with added sugar and salt extruded into various shapes before packaging. Contains added vitamins B2, B3, B6 and folic acid and calcium, iron and zinc.","1,579",23.3,2.5,0.4,62.8,28,602
F001733,"Breakfast cereal, mixed grain (wheat & oat), flakes, apricot & sultana, added vitamins & minerals (Kellogg's Just Right)","Breakfast cereal made from flakes of wheat, oats and triticale with dried sultanas, apricot, sugar and salt. Contains added vitamins B2, B3, B6 and folic acid and iron and zinc.","1,498",9.1,1.5,0.3,71.6,25.3,32
F001811,"Breakfast cereal, puffed or popped rice, no added sugar or salt, unfortified","Breakfast cereal made from toasted puffed or popped rice grains. Does not contain added salt, sugar, vitamins or minerals.","1,605",8.5,3,0.52,77.6,0.6,5
F001803,"Breakfast cereal, puffed or popped rice, added vitamins & minerals (Kellogg's Rice Bubbles)","Breakfast cereal made from toasted puffed or popped rice grains with added salt and sugar. Contains added vitamins B2, B3, C and folic acid, iron and zinc.","1,555",6.8,1.1,0.2,81.2,6.2,658
F001807,"Breakfast cereal, puffed or popped rice, cocoa coating, added vitamins & minerals (Kellogg's Coco Pops)","Chocolate flavoured puffed rice cereal with added sugar and salt. Contains added vitamins B1, B2, B3, C and folic acid, and calcium, iron and zinc.","1,640",5.3,2.9,1.14,83.2,30.4,496
F001871,"Breakfast cereal, whole wheat, puffed, no added sugar or salt, unfortified","Breakfast cereal made from puffed whole wheat. Does not contain any added sugar, salt or vitamins or minerals.","1,415",10,2.8,0.39,62.4,0.8,2
F001849,"Breakfast cereal, whole wheat, biscuit, no added sugar, unfortified","Breakfast cereal made from whole wheat and salt formed into a biscuit shape. Does not contain any added sugar, vitamins or minerals.","1,461",10.4,2.7,0.35,63.7,1.1,370
F001860,"Breakfast cereal, whole wheat, flakes, added vitamins & minerals (Weeties style)","Breakfast cereal made from whole wheat flakes with added salt. Contains added vitamins B1, B2, B3 and folic acid.","1,470",11.5,2,0.3,65,3.4,375
F001862,"Breakfast cereal, whole wheat, flakes, dried fruit & nuts, added vitamins & minerals (Uncle Toby's Fibre Plus)","Breakfast cereal made from whole wheat flakes with added wheat bran, dried fruit, nuts and salt. Contains added fibre, vitamins B1, B2, B3 and folic acid and calcium and iron.","1,515",9.1,3.3,0.38,65.6,25,98
F001823,"Breakfast cereal, wheat bran, flakes, sultanas, added vitamins & minerals (Kellogg's Sultana Bran)","Breakfast cereal made from wheat bran flakes with added sultanas. Contains added vitamins B2, B3, B6 and folic acid and iron and zinc.","1,415",9.8,1.5,0.26,63.3,24.5,269
F009807,"Muesli, granola, toasted, added nuts & seeds, unfortified","Breakfast cereal made from rolled oats and/or other grains, with other ingredients such as nuts, coconut and seeds, and then toasted with the addition of vegetable oil. Does not contain fruit or added vitamins or minerals.","1,792",11.2,17.6,2.93,52.3,16.3,68
F009808,"Muesli, granola, non-oat based, toasted, added nuts & seeds, unfortified","Breakfast cereal made from grains other than oats, with other ingredients such as nuts, coconut and seeds, and then toasted with the addition of vegetable oil. Does not contain fruit or added vitamins or minerals.","1,860",11.9,18.8,2.01,53.5,8.7,59
F005856,"Muesli, toasted, added dried fruit & nuts, unfortified","Breakfast cereal made from rolled oats, dried fruit and other ingredients such as nuts, coconut and seeds, and then toasted with the addition of vegetable oil. Does not contain added vitamins or minerals.","1,702",8.9,13.3,2.41,56.6,21.7,33
F005857,"Muesli, untoasted or natural style, added dried fruit, unfortified","Breakfast cereal made from rolled oats, dried fruit (including sultanas, currants, apricot, pawpaw, banana, apple and pineapple) and other ingredients including wheat bran, wheat germ, sugar, and/or seeds. Includes mueslis with a small amount of added nuts (less than 3%) including almond, coconut, walnut, hazelnut and pecans. Does not contain added vitamins or minerals.","1,665",10.8,10.8,2.77,59.2,18.7,41
F002021,"Cake mix, plain, dry powder","Commercially prepared dry plain cake mix. Typical ingredients include wheat flour, maize starch, sugar, salt, dairy products, vegetable oils, flavours, colours and baking agents. Includes cake mixes labelled as madeira, tea cake or vanilla cake.","1,645",4.8,8.2,4.3,73.5,42.5,670
F002178,"Cake, sponge, plain, commercial, uniced, unfilled",Commercially prepared light sponge cake prepared with minimal added fat and with a significant proportion of eggs.,"1,403",7.5,8.2,2.54,56.5,32.5,320
F006700,"Pikelet or pancake, sweet, commercial","Commercially prepared pikelet. Contains added folic acid, iodised salt and thiamin.",926,5.7,4.3,0.64,38.4,13.8,359
F008173,"Scone, plain, commercial","Commercially prepared, dough-like product made from flour, water, sugar, fat and a raising agent.","1,406",7.9,8.5,3.09,55.2,6.5,968
F008174,"Scone, plain, homemade","Home prepared dough-like product made from common household ingredients such as flour, milk, sugar, fat, egg and a raising agent.","1,360",8,9.5,5.98,50.7,6.8,560
F000061,"Amaranth, grain, whole, uncooked","Very small, round grains, with a light sandy/beige colour.","1,550",15.2,6.4,1.62,56.7,3.8,2
F000379,"Barley, pearl, uncooked","Grain that has had the bran removed, then is steamed and polished. Uncooked.","1,464",9.9,3.1,0.5,62.9,1,10
F000378,"Barley, pearl, boiled, no added fat or salt","Grain that has had the bran removed, then is steamed and polished. Prepared by boiling in unsalted water until tender without the addition of fat or salt.",607,4.1,1.3,0.21,26.1,0.4,10
F000382,"BarleyMax, dry, uncooked","Grain that has been developed to be high in fibre. It has had the bran removed, then is steamed and pressed into flakes. Uncooked.","1,352",17,7.9,1.42,32.6,4.5,4
F001919,"Buckwheat groats, uncooked","Hulled, crushed, roasted kernels, used in a similar manner to rice. Uncooked.","1,369",12.8,3.2,0.57,58.2,1.4,1
F001918,"Buckwheat groats, cooked in water, no added salt","Buck wheat, hulled, crushed, roasted kernels, used in a similar manner to rice. Cooked in unsalted water without the addition of fat or salt.",291,2.7,0.7,0.12,12.4,0.3,2
F001929,"Bulgur, uncooked","A quick-cooking form of whole wheat that has been cleaned, parboiled, dried, ground into particles and sifted into distinct sizes (fine, medium and course grinds). As purchased, not cooked.","1,434",10.3,2,0.29,66.1,1,3
F001928,"Bulgur, soaked in water, no added fat or salt","A quick-cooking form of whole wheat that have been cleaned, parboiled, dried, ground into particles and sifted into distinct sizes (fine, medium and course grinds). Prepared by soaking in unsalted water.",757,5.4,1.3,0.19,34.4,0.5,2
F007729,"Sago, dry, uncooked","A starch extracted from the pith of the sago (and other tropical) palms that is processed into flour, meal and pearl sago. It is used as a thickening agent. Uncooked.","1,468",0.2,0.2,0.07,85.5,0,3
F007728,"Sago, cooked in water, no added salt","A starch extracted from the pith of the sago (and other tropical) palms that is processed into flour, meal and pearl sago. Cooked in unsalted water without the addition of fat or oil.",231,0,0,0.01,13.5,0,3
F003230,"Cornmeal (polenta), uncooked",A type of flour ground from dried kernels of yellow or white corn. Uncooked.,"1,421",8.5,1.7,0.23,70,0.7,0
F003227,"Cornmeal (polenta), boiled, no added fat or salt",A type of flour ground from dried kernels of yellow or white corn. Cooked in unsalted water without the addition of fat or salt.,452,2.7,0.5,0.07,22.3,0.2,2
F003239,"Couscous, uncooked","Cream coloured pellets made from approximately 2 parts semolina, 1 part wheat flour and salt and water, then steamed and dried. No further cooking.","1,527",13.8,0.2,0.03,73.6,3.4,2
F003235,"Couscous, boiled, no added fat or salt","Cream coloured pellets, made from approximately 2 parts semolina, 1 part wheat flour and salt and water, then steamed and dried. Subsequently cooked by soaking in boiling water, without the addition of fat or salt.",678,6.1,0.1,0.01,32.7,1.5,3
F005692,"Millet, uncooked",Uncooked hulled cereal grain.,"1,489",10.2,3.5,0.33,67.7,0.6,1
F005690,"Millet, boiled, no added fat or salt","Hulled cereal grain, cooked in water by the absorption method, without the addition of fat or salt.",489,3.3,1.1,0.11,22.2,0.2,2
F005279,"Maize, grits, uncooked","Small, yellow, broken grains of corn.","1,468",8.1,1.3,0.16,73.7,0,0
F006134,"Oat bran, unprocessed, uncooked","The rough outer covering of the oat (located under the husk), that has not undergone further processing other than packaging.","1,527",16.7,9.3,1.68,45,1.5,4
F006136,"Oats, hulled, uncooked","A tan coloured, oval-shaped, cylindrical grain that have had their outer husk removed. Uncooked. ","1,599",12.5,9.8,1.79,56,1.2,4
F006143,"Oats, rolled, uncooked",Crushed grain produced by steaming and flattening with hot rollers. No further cooking. Includes traditional and quick cooking styles.,"1,572",12.2,9.5,1.73,54.9,1,2
F007502,"Psyllium, uncooked",Husk of a small seed which is high in dietary fibre. Uncooked,826,3,1.3,0.26,1,0,55
F007593,"Quinoa, black, uncooked","Small black seed which has a light, fluffy texture when cooked. Mild and slightly nutty flavour. Uncooked","1,462",13.1,6.6,0.81,50.8,4.3,6
F007597,"Quinoa, red, uncooked","Small rusty red seed which has a light, fluffy texture when cooked. Mild and slightly nutty flavour. Uncooked","1,547",14.1,6.9,0.81,55.2,5.8,4
F007599,"Quinoa, white, uncooked","Small beige seed which has a light, fluffy texture when cooked. Mild and slightly nutty flavour. Uncooked","1,580",12.2,6.3,0.72,62,4.2,8
F007722,"Rye, grain, whole, uncooked","Small, oval-shaped brown grains. Uncooked, unmilled.","1,368",11.1,2.6,0.36,55.4,1.7,5
F007724,"Rye, rolled, uncooked",Crushed grain produced by steaming and flattening with hot rollers. Uncooked. ,"1,350",10.4,2.6,0.29,54.9,1.4,3
F008474,"Sorghum, grain, uncooked","Small, round grain that is orange-red in colour. Can be milled into flour or kibbled (cut into) 3 or 4 pieces.","1,478",8.2,3.6,0.36,66.6,1.2,1
F009860,"Teff, uncooked",A very small grass seed which is white to a deep reddish brown in colour. Typically ground and used to make traditional flat bread such as injera. Uncooked. ,"1,031",13.3,2.4,0.36,38.4,1.8,12
F009260,"Triticale, grain, uncooked","A beige coloured, long, oval-shaped grain that is a wheat-rye hybrid. Can be milled into flour or kibbled (cut) into 3 or 4 pieces.","1,403",9.6,2.4,0.29,60.6,1.8,5
F008222,"Semolina, uncooked",Coarsely ground starchy product from the inner endosperm of durum wheat. It is granular in appearance and ranges from clear to yellow in colour. Uncooked.,"1,298",10.7,1.2,0.17,61.6,0,3
F008220,"Semolina, boiled, no added fat or salt",Coarsely ground starchy product from the inner endosperm of durum wheat. It is granular in appearance and ranges from clear to yellow in colour. Cooked in unsalted water without the addition of fat or salt.,413,3.4,0.4,0.06,19.6,0,3
F008745,"Spelt, uncooked",Small uncooked grain from the wheat family. Uncooked.,"1,420",11.7,3,0.36,61,1.4,3
F008744,"Spelt, boiled, no added fat or salt",Small uncooked grain from the wheat family. Uncooked.,589,4.8,1.2,0.15,25.3,0.6,7
F009090,"Tapioca, pearl or seed style, uncooked",Starchy product from the cassava plant supplied in the form of small pellets (also known as seeds or pearls). Sometimes sold labelled as Sago tapioca or Sago. Imported into Australia. Uncooked.,"1,359",0.2,0.2,0.08,79.3,0,1
F009089,"Tapioca, pearl or seed style, boiled, no added fat or salt",Starchy product supplied in the form of small pellets (also known as seeds or pearls). Sometimes sold labelled as Sago tapioca or Sago. Cooked by boiling according to label instructions.,197,0,0,0.01,11.5,0,3
F009535,"Wheat bran, unprocessed, uncooked","Outer layers of the wheat grain which are removed during the early stages of milling, and do not undergo further processing other than packaging. Maybe coarsely or finely milled. Uncooked.","1,121",14.8,4.1,0.66,22.6,2.7,6
F009537,"Wheat, whole, uncooked","Whole wheat grain including the bran, germ and endosperm.","1,400",11.2,2.4,0.36,60.4,1.3,2
F009536,Wheat germ,Small creamy flakes milled from the core of the wheat kernel.,"1,292",20.6,6.1,1.08,32.7,7.4,4
F007682,"Rice, white, uncooked","Grain that has had its husk, bran and germ removed. The grains after milling have a slight off-white colour. Uncooked.","1,425",7,0.9,0.17,74.2,0,1
F007661,"Rice, white, boiled or rice cooker, no added salt","Grain that has had its husk, bran and germ removed. Cooked by boiling on the stove top or in an electric rice cooker in unsalted water.",659,3.1,0.2,0.04,34.7,0.1,0
F007678,"Rice, white, purchased as 'instant', microwaved","Grain that has had its husk, bran and germ removed. Pre-cooked before purchase, then heated in the microwave.",643,3.4,0.6,0.16,32.5,0,21
F007648,"Rice, brown, uncooked",Grain with only the inedible outer husk removed. The bran coating gives it a light tan colour. Uncooked.,"1,455",7.6,3.1,0.56,69.2,1.1,2
F007641,"Rice, brown, boiled, no added salt",Grain with only the inedible outer husk removed. Cooked by boiling in unsalted water.,694,4.1,1.1,0.25,33.5,0.3,2
F007684,"Rice, wild, uncooked",A long-grain marsh grass. Uncooked.,"1,508",14.7,1.1,0.14,68.7,2.5,7
F007683,"Rice, wild, boiled, no added salt",A long-grain marsh grass. Cooked by boiling in unsalted water.,427,4,0.3,0.04,19.5,0.7,3
F007639,"Rice paper wrapper, soaked in water","Thin edible paper used to prepare rice paper rolls or summer rolls, typically made from rice flour, salt and water. Sold dried in thin, translucent round or square sheets that are crisp to the touch. Soaked in water with no added oil or salt. Does not contain any fillings.",648,3.3,0.9,0.16,32.3,0.2,766
F003983,"Flour, arrowroot",Flour ground from the starchy roots of a number of tropical plants.,"1,378",0.4,0.2,0.05,78.6,0,2
F003988,"Flour, cornflour, from maize starch",Fine white powder extracted from the starchy endosperm of maize (corn).,"1,458",0.4,0.6,0.11,84.1,0,16
F003989,"Flour, cornflour, from maize & wheat starch",Fine white powder extracted from the starchy endosperm of maize (corn) or wheat. Sold in Australia under the name of cornflour.,"1,466",0.6,0.4,0.08,84.4,0,10
F003986,"Flour, chickpea (besan)","Flour prepared from dried, ground chick peas.","1,405",19.7,5.5,0.56,40.2,2.2,11
F003990,"Flour, gluten free, plain","Flour mix prepared from white gluten free starches and flours including rice, tapioca and corn/maize.","1,480",3.4,1.1,0.14,80.5,0.3,21
F003998,"Flour, rice",Flour ground from grains of white and/or brown rice.,"1,440",7.3,2,0.36,71.7,0.6,1
F004000,"Flour, rye",A flour made from the milled wholegrain of rye.,"1,350",11.4,2.3,0.29,54.9,1.4,4
F004002,"Flour, soya (soy)","Creamy, finely ground flour processed from soya beans.","1,553",49.8,8.9,1.53,14.6,9.3,9
F004004,"Flour, spelt","Flour prepared from ground spelt, a type of wheat.","1,471",18.7,2.4,0.27,59.1,0.9,2
F004006,"Flour, wheat, white, high protein or bread making flour",High protein wheat flour which may contain added gluten to achieve a protein content ranging from 12-16%. Suitable for use in bread making. Contains added thiamin and folic acid.,"1,466",11.7,1.7,0.23,69.6,1.8,3
F004007,"Flour, wheat, white, plain","Flour prepared from ground wheat from which bran has been removed. No added vitamins,  minerals or leavening agents.","1,481",10,1.3,0.18,73.2,1.9,3
F004008,"Flour, wheat, white, plain, added vitamins B1, B2, B3, B6, E & folate & Fe, Mg & Zn (Jackaroo)","Flour prepared from ground wheat from which bran has been removed. Specifically formulated in conjunction with the Northern Territory Government. Contains added vitamins B1, B2, B3, B6, E and folate, iron, magnesium and zinc.","1,418",11.1,1.5,0.23,67.3,1.1,4
F004009,"Flour, wheat, white, self-raising",Flour prepared from ground wheat from which bran has been removed. Chemical leavening agents added. No added vitamins or minerals.,"1,481",10,1.3,0.18,73.2,1.9,740
F004013,"Flour, wheat, white, self-raising, added vitamins B1, B2, B3, B6, E & folate & Fe, Mg & Zn (Jackaroo)","Flour prepared from ground wheat from which bran has been removed. Specifically formulated in conjunction with the Northern Territory Government. Contains added chemical leavening agents and vitamins B1, B2, B3, B6, E and folate, iron, magnesium and zinc.","1,374",10.7,1.4,0.22,65.2,1.1,852
F004014,"Flour, wheat, wholemeal, plain","Flour milled from whole wheat grain (bran, germ and flour). No added vitamins, minerals or leavening agents.","1,373",11.6,1.6,0.22,61.6,2,2
F004015,"Flour, wheat, wholemeal, self-raising","Flour milled from whole wheat grain (bran, germ and flour) to which chemical leavening agents have been added. No added vitamins or minerals.","1,472",11.4,2.1,0.3,65.3,0.9,655
F004220,"Gluten, from wheat (vital wheat gluten)",Protein rich extract of wheat flour.,"1,507",75.2,0,0,13.2,0,29
F008831,"Starch, potato",Fine powder composed of polysaccharides derived from the potato tuber.,"1,332",0,0.5,0.18,74.5,0,9
F006038,"Noodle, rice stick, boiled, drained","Commercially prepared noodles made from a paste of water and ground rice, or rice with cornflour, which are then dried and coiled. Cooked by boiling without added fat or salt and then drained.",498,2.5,0,0,26.1,0,3
F006043,"Noodle, soba, dry",Commercially prepared dry noodles made from a mix of wheat and buckwheat flour. Uncooked.,"1,503",11.9,1.3,0.22,71.2,0,563
F006042,"Noodle, soba, boiled, drained","Commercially prepared dry noodles made from a mix of wheat and buckwheat flour, boiled in unsalted water and then drained.",455,3.6,0.4,0.07,21.5,0,170
F006048,"Noodle, wheat, fresh, soaked, drained","Commercially prepared, moist, wheat based noodle, commonly used in Asian style cooking. Includes noodles described as Hokkien, Singapore and Chow Mein noodles. Cooked by boiling without added fat or salt.",608,6.3,1,0.44,26.5,0,100
F006066,"Noodle, wheat, instant, unflavoured, boiled, drained","Commercially prepared noodle made from wheat flour, vegetable oil, salts and vegetable gums, coiled into blocks and dried before packaging. Cooked by heating in boiling water without contents of flavour sachet. Drained of excess water.",601,3.8,6.2,2.71,17.6,0.3,200
F006068,"Noodle, wheat, instant, unflavoured, dry, uncooked","Commercially prepared noodle made from wheat flour, vegetable oil, salts and vegetable gums, coiled into blocks and dried before packaging. Does not include contents of flavour sachet. Uncooked.","1,843",11,19.1,8.35,54,0.9,572
F006044,"Noodle, wheat with egg, plain, boiled, no added fat",The dough made by combining wheat flour or semolina (preferably durum wheat) with eggs. Cooked by boiling without added fat or salt.,695,7.5,1.4,0.21,29.1,0.6,4
F006429,"Pasta, gluten free, boiled from dry, no added salt",The dough made from grains other than wheat such as corn and rice with added water. Cooked in boiling water without added salt or fat until firm to the bite. Drained.,639,3.1,0.7,0.27,32.4,0,1
F009835,"Pasta, legume based, boiled, no added salt","The dough is made by combining legume flour (pea, chickpea, soy bean, bean, and/or lentil) with water. Cooked in boiling water without added salt or fat until firm to the bite. Drained.",631,14.4,1.7,0.22,16.1,1.2,16
F006458,"Pasta, white wheat flour, dry",The dough made by combining wheat flour or semolina (preferably durum semolina) with water. The dough is then dried before packaging and sale.,"1,458",12.7,1.4,0.24,68.5,0,5
F006456,"Pasta, white wheat flour, boiled from dry, no added salt",The dough made by combining wheat flour or semolina (usually durum semolina) with water. Cooked in boiling water without added salt or fat until firm to the bite. Drained.,572,5.3,0.4,0.06,26.2,0.2,2
F006460,"Pasta, white wheat flour, fresh, uncooked","Commercial product prepared from white wheat flour and other ingredients and cut to shape, but not dried prior to packaging. Includes fresh pasta containing egg. Uncooked.","1,122",10.5,2.1,0.32,49.4,0.9,11
F006459,"Pasta, white wheat flour, fresh, boiled, no added salt","Commercial product prepared from white wheat flour and other ingredients and cut to shape, but not dried prior to packaging. Includes fresh pasta containing egg. Boiled without added salt or fat, although the pasta itself is likely to contain added salt.",631,5.9,1.3,0.2,27.1,1.1,78
F006445,"Pasta, white wheat flour & egg, dry",The dough made by combining wheat flour or semolina (preferably durum wheat) with eggs. The dough is then dried prior to sale.,"1,524",10.6,1.6,0.26,74.4,1.9,9
F006444,"Pasta, white wheat flour & egg, boiled from dry, no added salt",The dough made by combining wheat flour or semolina (preferably durum wheat) with eggs. Cooked by boiling without added fat or salt until firm to the bite. Drained.,695,7.5,1.4,0.21,29.1,0.6,4
F006453,"Pasta, white wheat flour & spinach, dry",The dough made by combining white wheat flour or semolina (preferably durum wheat) with water and spinach. The dough is then dried before packaging and sale. Uncooked.,"1,528",11.9,1.3,0.22,73.1,2.7,38
F006451,"Pasta, white wheat flour & spinach, boiled from dry, no added salt",The dough made by combining white wheat flour or semolina (preferably durum wheat) with water and spinach. The dough is then dried before packaging and sale. Cooked by boiling without added fat or salt until firm to the bite. Drained.,555,3.8,0.4,0.06,27.3,0.2,48
F006465,"Pasta, wholemeal wheat flour, dry",The dough made by combining wheat flour (with varying proportions of whole-wheat grain and white flour) or semolina (preferably durum semolina) with water. The dough is then dried before packaging and sale. Uncooked.,"1,404",12.5,2.2,0.33,60.6,0,11
F006464,"Pasta, wholemeal wheat flour, boiled from dry, no added salt",The dough made by combining wheat flour (with varying proportions of whole-wheat grain and white flour) or semolina (preferably durum semolina) with water. The dough is then dried before packaging and sale. Cooked by boiling without added fat or salt until firm to the bite. Drained.,586,5.4,0.8,0.11,24.6,0,5
F008737,"Spaghetti in tomato & cheese sauce, canned",Commercially prepared canned pasta product containing spaghetti in tomato and cheese sauce.,231,2.5,0,0,10.7,4,330
F008738,"Spaghetti in tomato & cheese sauce, canned, reduced salt",Commercially prepared canned pasta product containing spaghetti in a reduced salt tomato and cheese sauce.,231,2.5,0,0,10.7,4,287
F003305,"Croissant, plain","Commercially prepared crescent-shaped pastry prepared from ingredients such as wheat flour, butter, yeast, sugar, egg, milk powder and food additives, then baked. Sodium content likely to vary widely depending on ingredients.","1,510",10,19.1,12,35.6,5.1,462
F006489,"Pastry, dumpling wrapper, raw","Dough made with wheat flour, egg, water and salt. Purchased frozen from speciality supermarkets for use as dumpling wrappers.",956,7.4,1.6,0.34,44.7,1.2,345
F006497,"Pastry, filo, commercial, raw","Uncooked commercial thin sheets of wheat flour based pastry, prepared without added fat, used in preparation of strudels and Greek-style pastry dishes.","1,284",10.2,3.8,0.53,55.8,1.3,581
F006496,"Pastry, filo, commercial, baked","Baked commercial thin sheets of wheat flour based pastry, prepared without added fat, used in preparation of strudels and Greek-style pastry dishes.","1,633",12.2,3.1,0.42,75.1,2.1,766
F006505,"Pastry, puff, with butter, commercial, raw","Uncooked pastry purchased ready-to-cook from supermarkets. Pastry may be sold in thin sheets or in blocks that need to be rolled. Produces a pastry that contains multiple fine layers and is often used on the top of pies. Typical ingredients include wheat flour, butter, salt, citric acid and preservative.","1,384",5.5,19,11.9,32.9,1,160
F006504,"Pastry, puff, with butter, commercial, baked","Pastry purchased uncooked from supermarkets and then baked at home. Pastry may be sold in thin sheets or in blocks that need to be rolled. Produces a pastry that contains multiple fine layers and is often used on the top of pies. Typical ingredients include wheat flour, butter, salt, citric acid and preservative.","1,798",7.1,24.7,15.45,42.7,1.3,208
F006503,"Pastry, puff, vegetable oil, commercial, raw","Uncooked pastry purchased ready-to-cook from supermarkets. Pastry may be sold in thin sheets or in blocks that need to be rolled. Produces a pastry that contains multiple fine layers and is often used on the top of pies. Typical ingredients include wheat flour, vegetable oil, salt, citric acid and preservative.","1,322",5.5,16.4,7.5,35,1,387
F006502,"Pastry, puff, vegetable oil, commercial, baked","Pastry purchased uncooked from supermarkets and then baked at home. Pastry may be sold in thin sheets or in blocks that need to be rolled. Produces a pastry that contains multiple fine layers and is often used on the top of pies. Typical ingredients include wheat flour, vegetable oil, salt, citric acid and preservative.","1,695",7,21,9.62,44.9,1.3,497
F006507,"Pastry, shortcrust style, commercial, raw","Uncooked pastry purchased in thin sheets or blocks from supermarkets. Produces a firm pastry often used on the base of pies. Typical ingredients include wheat flour, vegetable fat, glycerol, citric acid and water.","1,654",6.4,21.4,9.37,41.3,1.2,446
F006506,"Pastry, shortcrust style, commercial, baked","Pastry purchased in thin sheets or blocks from supermarkets and baked at home. Produces a firm pastry often used on the base of pies. Typical ingredients include wheat flour, vegetable fat, glycerol, citric acid and water.","2,017",7.8,26.1,11.43,50.4,1.5,544
F003607,"Dressing, French or Italian, regular fat, commercial","Commercially prepared thin sauce used to dress salads. Major ingredients include water, vegetable oil, sugar, vinegar, garlic and spices.",959,0.1,19.6,2.02,11.7,11.4,970
F003612,"Dressing, thousand island, regular fat, commercial","Commercially prepared thick white, beige or light orange coloured cream, emulsified sauce used to dress salads and seafood. Major ingredients include vegetable oil, vinegar, milk powder, tomato, sugar, egg and seasonings.","1,508",1,31.8,3.37,16.6,14.7,878
F004385,"Horseradish, prepared","Whitish root vegetable, grated and mixed with vinegar and salt.",208,1.2,0.7,0.09,8,8,314
F005441,"Mayonnaise, traditional (greater than 65% fat), commercial","Commercially prepared white, emulsified sauce with a similar thick consistency to cream. Used in sandwiches or to dress salads. Major ingredients include oil, sugar, vinegar and egg.","2,659",0.8,67.2,8.28,8.7,7.9,480
F005437,"Mayonnaise, low fat, commercial","A white, emulsified sauce with a similar thick consistency to cream, using lower levels of oil to develop a product with a low fat content. Used in sandwiches and to dress salads. Major ingredients include oil, sugar and vinegar.",534,0.5,1.8,0.23,27.1,20.5,678
F000565,"Beef extract, bonox","Thick, dark brown concentrated beef extract paste. Typically added to soups and stews for flavouring or to hot water as a beverage. Contains added salt.",400,16.6,0.2,0,6.5,0,"6,660"
F005973,"Mustard, cream style","Yellowish paste prepared from ground mustard seeds (typically 10 - 30% of total product), water, vinegar, salt and herbs or other spices. Sold packaged in jars and used as a condiment without further preparation.",352,5.8,3.1,0.14,6.2,3.6,"1,420"
F006471,"Paste, Indian style curry, commercial","Commercially prepared Indian style curry paste sauce. Ingredients may include water, tomato and onion puree, vegetable oil, chilli, garlic, ginger, herbs & spices and colours and flavourings.",875,2.9,14.1,1.46,14.2,7.3,"1,802"
F006469,"Paste, green curry, commercial","Commercially prepared paste containing green chilli, onions, salt, spices, herbs, vegetable oil and other ingredients, used for preparing south-east Asian style main dishes.",464,2.4,7.9,1.39,6.3,3.4,"1,807"
F005702,"Paste, soybean",A thick paste made from fermented and processed soya beans mixed with grain and injected with a yeast mould.,777,12.9,5.1,0.74,19.7,10.4,"3,800"
F006476,"Paste, shrimp","Commercially prepared dark, pungent paste prepared from shrimp and used as a flavouring in Asian style cooking.",394,21,1,0.38,0,0,"6,000"
F006478,"Paste, wasabi, commercial","Commercially prepared hot, green paste typically made with horseradish, wasabi root, oil, water and salt. Commonly consumed with sushi or sashimi.","1,088",0.8,7.5,1.68,46.2,2.8,"2,600"
F007987,"Sauce, barbecue, commercial","Commercially prepared sweet, thick, brown coloured, bottled sauce containing apples, sugar, Worcestershire sauce, golden syrup, food acid, thickener, salt, molasses, mixed citrus peel, raisins, spices, vegetable gum and water.",761,0.8,0.1,0,42.2,38.4,710
F007992,"Sauce, butter chicken, commercial","Commercially prepared Indian style butter chicken sauce. Commonly contains water, tomatoes, onions, vegetable oil, cream, butter, sugar, salt, spices, garlic, chilli and colour.",415,1.3,7.6,3.13,5.8,3.6,462
F008000,"Sauce, cranberry, commercial","Commercially prepared jellied or semi-jellied sweet jam-like sauce made from cranberries, sugars and water.",689,0,0,0,40,40,50
F008004,"Sauce, fish, commercial","Commercially prepared sauce based on fish or anchovy extract, and salt, commonly used in Asian style cooking.",216,6.8,0.3,0,4.4,4.4,"8,255"
F008008,"Sauce, hoi sin (hoisin), commercial","Commercially prepared sweet, spicy bottled sauce based on fermented soya beans with other ingredients.",954,1.6,5.4,0.82,37.2,33.5,"1,550"
F008026,"Sauce, oyster, commercial","Commercially prepared sauce based on oyster extract, sugar, caramel, salt, starch, flavour, protein or hydrolysed vegetable protein, soy sauce, preservative, sodium benzoate, water, food conditioner. Commonly used in Asian-style cooking.",481,2.8,1,0.16,21,15.6,"3,790"
F008028,"Sauce, pasta or simmer, commercial, low fat","Commercially prepared sauce for use as a simmer/pasta bake sauce, formulated so as to contain less than 3% fat. Typical ingredients include water, thickener, cheese, onion, garlic, salt, flavours, herbs and spices.",244,0.8,2.9,0.3,6.6,3.5,281
F008029,"Sauce, pasta, basil pesto, commercial","Commercially prepared basil pesto flavoured pasta sauce. Commonly containing basil, vegetable and /or olive oil, cashews, pine nuts, water, cheese, sugar, salt and garlic.","1,601",5.3,37.1,6.93,7.4,2.1,"1,251"
F008050,"Sauce, pasta, tomato-based, commercial, heated","Commercially prepared tomato-based pasta sauce with herbs, spices and vegetables for addition to pasta dishes. Heated without added ingredients according to label instructions.",234,1.6,1.5,0.17,7.5,6.2,375
F008054,"Sauce, plum, commercial","Commercially prepared chutney-style, spicy, sweet, hot sauce, based on plums.","1,005",0.1,0.8,0.41,56.5,48.2,950
F008055,"Sauce, rogan josh, commercial","Commercially prepared Indian style Rogan Josh flavoured sauce. Commonly contains water, vegetable oil, salt, coriander, ginger, chilli, spices, gram flour and pepper.",298,1.5,4.1,1.9,6.2,3.1,508
F008056,"Sauce, salsa, tomato-based, commercial","Commercially prepared Mexican style, tomato based dip. Typical ingredients include tomato, onion, capsicum, jalapenos, salt and chilli.",153,1.3,0,0,6.3,4.9,480
F008062,"Sauce, simmer for chicken, commercial","Commercially prepared simmer/bake sauce intended for use with chicken dishes. Typical base ingredients  include water, vegetable oil, onion, thickener, flavours, herbs and spices. Additional ingredients may be included depending on the flavour of the simmer sauce.",386,0.8,7.5,0.93,4.8,3.3,212
F008065,"Sauce, soy, commercial","Commercially prepared dark brown salty liquid sauce commonly containing hydrolysed soy protein, hydrolysed wheat protein, salt, colour (caramel) and water.",211,6.8,0,0,3.2,2.2,"5,600"
F008067,"Sauce, soy, commercial, reduced salt","Commercially prepared dark brown, salty, liquid sauce commonly containing hydrolysed soy protein, hydrolysed wheat protein, salt, colour (caramel) and water. Reduced in salt compared to regular soy sauce.",211,6.8,0,0,3.2,2.2,"3,934"
F008077,"Sauce, tabasco, commercial",Commercially prepared spicy sauce made from red peppers.,57,1.3,0.8,0.12,0.1,0.1,633
F008083,"Sauce, tomato, commercial","Commercially prepared sauce with a thick consistency. Contains tomatoes, sugar, salt, food acid and spices.",459,1.3,0,0,24.1,23.7,870
F008085,"Sauce, tomato, commercial, reduced salt","Commercially prepared sauce with a thick consistency formulated to have less added salt than regular commercial tomato sauce. Contains tomatoes, sugar, salt, food acid and spices.",459,1.3,0,0,24.1,23.7,529
F010105,"Sauce, tomato, reduced sugar & salt, commercial","Commercially prepared sauce with a thick consistency formulated to have less added sugar and salt than regular commercial tomato sauce. Contains tomatoes, sugar, salt, food acid and spices.",241,1.3,0,0,11.3,10.9,507
F008094,"Sauce, Worcestershire, commercial","Commercially prepared fermented liquid condiment made with vinegar, molasses, golden syrup, salt, water, spices, soy sauce, pepper, tamarinds, anchovies, lemon oil, onion and garlic powder.",328,1.3,0.2,0.04,17.6,16.9,"1,060"
F009498,Vinegar (except balsamic vinegar),"Sour liquid prepared by acetous fermentation, with or without alcoholic fermentation, of any suitable foodstuff, commonly used in dressings. Available types of vinegar include white, brown and malt.",57,0,0,0,0,0,5
F009499,"Vinegar, balsamic","Sour liquid prepared by acetous fermentation. Balsamic vinegar is based on wine vinegar complemented by concentrated and cooked grape must, ageing allowing aroma to further develop. Commonly used in dressings and as a taste enhancer in various recipes",336,0.5,0,0,15,15,23
F006577,"Peanut butter, smooth & crunchy, added sugar & salt","Commercial paste made from roasted and ground peanuts. Available in two types with (crunchy) and without (smooth) chunks of peanuts. Contains vegetable oil, added sugar and salt.","2,504",22.2,49.6,8.75,14.3,8.6,477
F006579,"Peanut butter, smooth & crunchy, no added sugar or salt","Commercial paste made from roasted, unsalted and ground peanuts. Available in two types with (crunchy) and with out (smooth) chunks of peanuts. Does not contain added salt or sugar.","2,633",24.3,54.3,9.44,9.4,5.2,12
F008783,"Spread, yeast, marmite","Commercial thick, dark brown concentrated yeast extract spread. Contains added salt, and vitamins B1, B2 and B3.",636,13.3,0.9,0.14,16.6,11.8,"3,400"
F008785,"Spread, yeast, vegemite","Commercial, thick dark brown, salty concentrated yeast extract spread made by treating yeast with acid. Contains added salt, and vitamins B1, B2 and B3.",684,24.4,0.9,0.14,10.9,1.6,"3,000"
F002405,"Cheese, blue vein","Prepared by the addition of culture, rennet and mould spores to cows milk to produce green, grey, blue or black spots of mould throughout the body of the cheese. Includes Australian and imported blue cheese.","1,553",19.1,32.9,21.94,0.3,0.3,780
F002406,"Cheese, bocconcini","Fresh, soft cheese made from cows milk. Sold shaped into small balls and packed in brine or water.","1,032",16.6,20.2,14.45,0,0,210
F002407,"Cheese, brie","Australian and imported soft cheese covered with white mould and labelled as being brie style or double brie. Prepared by pasteurising, culturing and coagulating cows milk prior to salting and curing.","1,514",18.6,31.8,20.64,0,0,580
F002408,"Cheese, camembert","Prepared by pasteurising, culturing and coagulating cows milk prior to salting and curing to produce a soft creamy surface ripened cheese. Includes Australian and imported soft cheese covered with white mould and labelled as being camembert style.","1,372",18.6,27.9,18.24,0,0,570
F002414,"Cheese, cheddar, natural, regular fat","Cheddar cheese prepared by curdling cows milk with rennet, followed by curing to produce a hard pale yellow cheese. Includes unsliced mild, tasty and vintage varieties.","1,683",24.6,33.4,22.65,0.3,0.3,686
F002413,"Cheese, cheddar, natural, reduced fat (approximately 25%)","Cheddar cheese prepared by curdling cows milk with rennet, followed by curing to produce a hard pale yellow cheese. Formulated to have a fat content of approximately 25%.","1,354",27.9,23.4,15.1,0,0,550
F002428,"Cheese, cheddar, processed, regular fat","Commercially prepared regular fat processed cheddar cheese. Prepared by grinding, mixing, melting and emulsifying one or more varieties of cheese with salt to form a homogeneous mass. Supplied as slices or blocks.","1,258",18.2,23.9,16.04,1.9,1.5,"1,420"
F002425,"Cheese, cheddar, processed, reduced fat (approximately 15%), added vitamin D","Commercially prepared processed cheddar cheese formulated to contain approximately 16% fat. Prepared by grinding, mixing, melting and emulsifying one or more varieties of cheese with salt and vitamin D to form a homogeneous mass. Supplied as slices or blocks.","1,057",22.4,15.4,10.26,4.9,4.9,"1,171"
F002435,"Cheese, cottage","Regular fat creamed cottage cheese, prepared by curdling, salting, draining and washing cows milk to produce an unripened, white curd cheese.",555,17,5.7,3.47,1.8,1.8,277
F002444,"Cheese, cream, plain","Regular fat soft, white cheese prepared by blending, culturing and salting cows milk, cream and vegetable gum.","1,419",8.5,34.2,22.07,0.2,0.2,320
F002448,"Cheese, edam","A semi-hard cheese made by curdling cows milk with rennet, followed by curing. Coated in oil or a red or yellow wax film. Includes Australian and imported edam cheese.","1,497",27.4,27.2,17.22,0,0,900
F002452,"Cheese, fetta (feta)","Made by curdling cows milk with rennet, which is then sliced, salted and stored in either whey or brine. Includes Australian and imported fetta cheese.","1,071",16.6,20.6,13.08,0.4,0.4,"1,100"
F002462,"Cheese, goat, firm",Cheese made from goats milk. Firm in texture.,"1,501",18.6,31.3,20.73,0.8,0.8,538
F002463,"Cheese, goat, soft",Cheese made from goats milk. Soft in texture.,"1,193",21.2,21.7,14.38,0.9,0.9,430
F002464,"Cheese, gouda","Cheese prepared by curdling cow's milk with rennet, followed by curing to produce a semi-hard, yellow cheese that is then coated in a wax rind. ","1,604",26.4,30.6,21.36,0,0,701
F002466,"Cheese, haloumi (halloumi)","Salty, semi-soft cheese that maintains its texture when cooked.","1,278",20.5,24.6,17.16,1,1,"1,100"
F010020,"Cheese, haloumi (halloumi), reduced salt","Salty, semi-soft cheese that maintains its texture when cooked. Formulated to be lower in salt than regular haloumi. ","1,283",19,25.3,17.64,1.3,1.1,825
F002467,"Cheese, havarti style","Cheese prepared by curdling cow's milk with rennet, followed by curing to produce a semi-hard, pale-yellow cheese. ","1,711",19.4,36.7,25.59,0.1,0.1,600
F002472,"Cheese, mozzarella",Cheese made from cows milk with a rubbery texture. Typically added to pizza and other Italian-style dishes.,"1,209",22.2,22.1,14.35,0,0,522
F002478,"Cheese, parmesan, dried, finely grated","Parmesan-style cheese, prepared by removing the majority of cream from cows milk before heating, curdling and brining. Cheese is finely grated prior to sale and some additional moisture may be removed, so that the cheese does not generally require refrigerator storage.","1,946",40.6,33.3,21.06,0,0,"1,300"
F002479,"Cheese, parmesan, fresh, regular fat","A hard granular cheese prepared by removing the majority of cream from cows milk before heating, curdling and brining.","1,563",32,27,18.73,0,0,"1,000"
F002485,"Cheese, provolone style","Cheese prepared by culturing and coagulating cow's milk to form curds that are stretched and kneaded until smooth, then shaped. The cheese is then coated in a wax rind. ","1,546",27.8,28.4,19.81,0.1,0.1,"1,000"
F002486,"Cheese, quark","Cheese prepared by curdling, salting, draining and washing cow's milk to produce an unripened, white curd cheese.",343,13.6,1.1,0.71,2.9,2.9,160
F002488,"Cheese, ricotta",Australian produced ricotta cheese. Prepared by collecting the whey from the coagulation of cows milk and further separation and draining.,637,10.4,11,7.2,2.7,2.7,170
F002496,"Cheese, swiss or jarlsberg","Cheese prepared by curdling cow's milk with rennet, followed by curing to produce a hard to semi-hard, yellow cheese containing characteristic holes. Often sold with a wax rind.","1,612",28.2,30,20.91,0.1,0.1,425
F003270,"Cream, thickened, regular fat (approximately 35%)","Australian produced thickened cream with a fat content of 35%. Major ingredients include cream, gelatine and vegetable gum. Produced by separating milk into a highly concentrated milk fat stream (cream) and a non-milk fat stream (skim milk) and adding thickener to increase the viscosity.","1,425",2,36.5,23.52,2.4,2.4,27
F003269,"Cream, sour, regular fat",Commercially produced Australian sour cream with a fat content of approximately 35% Prepared by culturing cream or milk with lactic acid bacteria resulting in the sour flavour.,"1,415",1.9,36.3,23.46,2,2,19
F003267,"Cream, sour, light (approximately 18% fat)",Commercially produced Australian sour cream with a fat content of approximately 18%. Prepared by culturing a combination of cows milk cream and milk with lactic acid bacteria resulting in the sour flavour and decreased fat content compared to regular sour cream.,872,3.6,19.7,12.73,4.5,4.5,19
F003255,"Cream, imitation (non-dairy)","Commercially produced soft product with a creamy appearance and texture that is commonly used in baked goods in place of whipped dairy cream, but which is not dairy-based.","1,124",1,21.8,19.34,17.7,16.3,57
F004508,"Ice cream, vanilla flavour, regular fat","Commercial product prepared by mixing milk, sugar, gums, emulsifiers and vanilla flavour, then freezing rapidly with agitation to aerate the ice cream to give it a light texture. Includes varieties with a fat content of 11%. Some analysed samples contain egg yolk.",825,3.7,11.1,7.5,20.5,18.4,48
F004507,"Ice cream, vanilla flavour, premium or rich (approximately 15% fat)","Vanilla ice cream. Major ingredients include cream, milk, sugar, gums and emulsifiers. Prepared by freezing rapidly with agitation to aerate the ice cream and give a light texture. Includes premium and gourmet ice creams with fat content ~15%. Some samples contain egg yolk.",936,3.2,13.5,8.94,22.5,19.7,37
F001978,Buttermilk,Reduced fat cow's milk which has been fermented by the addition of bacterial cultures. Product remains a liquid and does not contain added flavours.,246,4.2,2,1.36,5.4,5.4,57
F005634,"Milk, cow, fluid, regular fat (3.5% fat)",Australian produced regular fat cows milk. Supplied with a minimum fat content of 3.2 g milk fat/100 g.,275,3.3,3.4,2.28,5.4,5.4,35
F005635,"Milk, cow, fluid, regular fat (3.5% fat), added omega 3 polyunsaturates",Australian produced regular fat cows milk to which sources of omega-3 fatty acids are added. Supplied with fat content of approximately 3.4%.,258,3.1,3.2,2.08,5.1,5.1,40
F005614,"Milk, cow, fluid, reduced fat (1% fat)",Australian produced reduced fat cows milk. Supplied with fat content of approximately 1%.,186,3.3,1.2,0.85,4.8,4.8,36
F005621,"Milk, cow, fluid, reduced fat (1.5% fat), added omega 3 polyunsaturates","Australian produced reduced fat cows milk. Supplied with a fat content of approximately 1%, with added sources of omega-3 fatty acids.",218,4.5,1.4,0.48,5.1,5.1,40
F005637,"Milk, cow, fluid, skim (0.15% fat)",Australian produced cows skim milk. Supplied with a maximum fat content of 0.15%.,151,3.6,0,0,5.3,5.3,38
F005599,"Milk, cow, fluid, lactose free, regular fat (3.5% fat)",Australian produced regular fat cows milk. Lactase enzyme added to pre-digest naturally-occurring lactose. Supplied with a fat content of 3.5%.,251,3.1,3.1,2.1,4.7,4.5,35
F005598,"Milk, cow, fluid, lactose free, reduced fat (1% fat)",Australian produced regular fat cows milk. Lactase enzyme added to pre-digest naturally-occurring lactose. Supplied with a fat content of 1%.,184,3.3,1.1,0.76,4.9,4.7,42
F005581,"Milk, cow, canned, evaporated, regular",Canned milk prepared by evaporating approximately 60% of the water content of regular fat cows milk prior to sterilisation.,598,7.5,8.2,5.23,10,10,104
F005580,"Milk, cow, canned, evaporated, reduced fat (approximately 2% fat)",Canned milk prepared by evaporating approximately 60% of the water content of regular fat and skim cows milk prior to sterilisation. Formulated to have a fat content of 2%.,390,7.8,2.1,1.35,10.6,10.6,104
F005578,"Milk, canned, evaporated, skim (<0.5% fat)",Canned milk prepared by evaporating approximately 60% of the water content of skim cow's milk prior to sterilisation.,327,7.8,0.4,0.28,10.6,10.6,91
F005582,"Milk, cow, canned, sweetened, condensed, regular",Milk product prepared by adding sugar to regular fat cows milk prior to evaporation of approximately 50% of the water content. Includes both canned and tube varieties.,"1,416",8.3,9.2,6.03,55,55,106
F005579,"Milk, canned, sweetened, condensed, skim (~0.2% fat)",Canned milk prepared by adding sugar to skim cow's milk prior to evaporation of approximately 50% of the water content.,"1,208",10.1,0.2,0.17,60.4,60.4,125
F005650,"Milk, cow, powder, regular fat, unfortified","Regular fat cows milk powder, prepared by removing water from regular fat milk by spray-drying. May also contain lecithin.","2,091",25.3,25.2,16.83,43,43,310
F005649,"Milk, cow, powder, regular fat, added vitamins A & D","Regular fat cows milk powder, prepared by removing water from regular fat milk by spray-drying. Contains added vitamins A and D. May also contain lecithin.","2,170",25.3,27.3,18.26,43,43,310
F005652,"Milk, cow, powder, skim","Cows skim milk powder, prepared by removing the majority of water from skim cows milk by spray drying.","1,575",34.9,0.8,0.51,56,56,420
F005646,"Milk, goat, fluid, regular fat",Australian produced goat's milk. Pasteurised (regular or ultra-high temperature) and homogenised.,210,3.1,2.6,1.72,3.6,3.6,66
F005654,"Milk, goat, powder, regular fat",Powder prepared by removing the majority of water from regular fat goat's milk by spray-drying. ,"2,085",27.3,27.1,17.8,36.5,36.5,295
F003442,"Custard, vanilla, regular fat","Commercially produced regular fat vanilla flavoured custard. Major ingredients include regular fat milk, sugar, flavour and thickener. Custard does not contain eggs.",423,3.2,3,1.96,14.6,12.3,54
F003426,"Custard powder, vanilla, dry mix","Dry yellow powder used for making custard. Ingredients include cornflour, salt, colours and flavours.","1,414",0.5,0.4,0.08,81.5,0.4,392
F009694,"Yoghurt, natural, regular fat (3% fat)","Unflavoured (natural) yoghurt. Prepared by pasteurising and homogenising cows milk before culturing, resulting in a thickened, tangy yoghurt. Contains added milk powder. Formulated to have a fat content of approximately 4%. Does not contain fruit or flavouring.",309,5.1,3.2,2.17,5,4.9,58
F009919,"Yoghurt, natural, sheep's milk","Sheep's milk yoghurt. Prepared by pasteurising and homogenising sheep's milk before culturing, resulting in a thickened, tangy yoghurt.",393,5.9,6.5,4.56,2.2,2.2,49
F009825,"Almond beverage, added sugar, unfortified","A dairy milk substitute made from water, almonds, sweetened with sugar or rice syrup.",117,0.5,1.4,0.12,3,2.2,53
F009824,"Almond beverage, no added sugar, unfortified","A dairy milk substitute made from water, almonds, sunflower oil and salt. Does not contain added sugar or calcium.
",65,0.5,1.4,0.12,0,0,40
F009827,"Almond beverage, added sugar & Ca","A dairy milk substitute made from water, almonds, sunflower oil and salt. Product is sweetened with added sugar or syrup, and contains added calcium.",117,0.5,1.4,0.12,3,2.2,43
F009826,"Almond beverage, no added sugar, added Ca","A dairy milk substitute made from water, almonds and salt. Does not contain added sugar but does contain added calcium.",65,0.5,1.4,0.12,0,0,43
F009812,"Coconut beverage, unfortified","Coconut beverage, commonly used as a milk alternative. Major ingredients include water and 8-20% coconut milk or cream. Unfortified.",106,0.2,1.7,1.48,2.4,1,47
F009813,"Coconut beverage, added Ca","Coconut beverage, commonly used as a milk alternative. Major ingredients include water and 8-20% coconut milk or cream. Contains added calcium but not added sugar.",106,0.2,1.7,1.48,2.4,1,17
F006132,"Oat beverage, fluid, unfortified","A dairy milk substitute made from filtered water, oats, sunflower oil and salt, without added vitamins and minerals.",228,1.3,0.8,0.16,10.2,3.1,38
F006131,"Oat beverage, fluid, added Ca","A dairy milk substitute made from filtered water, oats, sunflower oil and salt. Contains added calcium.",228,1.3,0.8,0.16,10.2,3.1,38
F011006,"Oat beverage, fluid, added calcium & vitamins","A dairy milk substitute made from filtered water, oats, sunflower oil and salt, without added vitamins and minerals.",174,0.5,1.6,0.34,5.9,1.6,46
F009980,"Rice beverage, unfortified","A dairy milk substitute made from filtered water, brown rice, sunflower oil and salt. Does not contain added calcium.",200,0.6,1,0.16,9,3.1,65
F007632,"Rice beverage, fluid, added calcium","A dairy milk substitute made from filtered water, brown rice, sunflower oil and salt. Contains added calcium.",259,0.3,1,0.16,12.7,3.7,62
F008721,"Soy beverage, regular fat (3% fat), unfortified","A dairy milk substitute prepared from soy beans with a fat content of 3%. Does not contain added vitamins, minerals or artificial flavouring substances.",248,3.7,2.7,0.43,4.6,2.6,44
F008719,"Soy beverage, regular fat (3% fat), added Ca",A dairy milk substitute prepared from soy beans with a fat content of 3%. Contains added calcium.,248,3.7,2.7,0.43,4.6,2.6,44
F003804,"Falafel, chickpea patty, deep fried",Patty or ball made from chickpeas with herbs and spices. Deep fried in oil until crisp and golden brown.,927,8.9,10.6,2.05,16.9,4.6,584
F009147,Textured vegetable protein/soy granules,"Textured vegetable protein is a defatted soy flour product, a by-product of extracting soybean oil. It is often used as a meat analogue or meat extender.","1,344",51.5,1.2,0.17,15.2,4.8,20
F009176,"Tofu (soy bean curd), firm, as purchased","Commercially prepared soy bean extract, that has set to a firm texture. Ingredients include water, soy beans, glucono-delta lactone, and nigari (magnesium chloride) or calcium salts.",542,12.8,8.3,1.16,0,0,22
F009799,"Meat alternative, mycoprotein/fungus base, commercial, as purchased","Meat alternative products made from a fungus base (mycoprotein) formed as pieces, fillets, strips and/or mince. Also contain flavours, and/or seasoning.",477,13.8,4.1,0.85,2.5,0,170
F010550,"Meat alternative, mycoprotein/fungus base, schnitzels/fish alternative/patty/sausages, as purchased","Meat alternative products made from a fungus base (mycoprotein) mixed with flour, and/or other vegetable proteins and breadcrumbs to form schnitzel, crumbed fish alternative, patty and sausage products. Also contain flavours, and/or seasoning.",840,12.3,8.7,1.81,16,1.8,170
F009821,"Meat alternative, mycoprotein/fungus base, cooked","Meat alternative products made from a fungus base (mycoprotein) formed as pieces, fillets, strips and/or mince. Also contain flavours, and/or seasoning. Cooked after purchase.",654,18.8,5.6,1.17,3.4,0,233
F009822,"Meat alternative, protein (soy/wheat/pea) base, as purchased","Meat alternative products commonly based on soy, wheat and/or pea protein. Formed into various shapes including strips, mince and patties.",941,19.4,13.4,5.56,3.2,0.8,520
F009823,"Meat alternative, protein (soy/wheat/pea) base, cooked","Meat alternative products commonly based on soy, wheat and/or pea protein. Formed into various shapes including strips, mince and patties. Cooked without added fat after purchase.","1,161",23.9,16.5,6.86,4,1,642
F010472,"Meat alternative, protein (soy/wheat/pea) base, added vitamins & minerals, as purchased","Meat alternative products commonly based on soy, wheat and/or pea protein. Formed into various shapes including strips, mince and patties.",941,19.4,13.4,5.56,3.2,0.8,520
F009814,"Meat alternative, legume and/or vegetable base, as purchased","Meat alternative products made from chopped, minced, or blended vegetables and/or legumes and other ingredients such as spices, sugar and salt. Formed into burgers/patties.",760,7.5,5.9,0.81,21.3,4.9,360
F009816,"Meat alternative, legume and/or vegetable base, cooked","Meat alternative products made from chopped, minced, or blended vegetables and/or legumes and other ingredients such as spices, sugar and salt. Formed into burgers/patties. Cooked after purchase.",938,9.2,7.3,1,26.3,6,311
F004263,"Gravy powder, dry mix","Dry mix for reconstitution as sauce to be served with meat. Typical ingredients may include wheat flour, salt, colour, spices and vegetable protein.","1,311",8.9,6.2,2.89,54.7,0.7,"6,020"
F008509,"Soup, broth style, with meat, instant dry mix","Instant dry beef mix soup containing beef or chicken and other ingredients such as spices and herbs, maltodextrins, salt and starch. Requires mixing with boiling water in a cup before consumption.","1,356",4.8,3.3,1.61,65.7,5.7,"5,020"
F008508,"Soup, broth style, with meat & noodles, instant dry mix","Instant dry chicken noodle soup mix containing noodles, salt, sugar, flavour enhancer, garlic, skim milk, vegetable fat, hydrolysed veg. protein, chicken, onion, parsley, spices, herbs, colour (turmeric). Requires mixing with boiling water in a cup before consumption.","1,526",10.8,6.3,1.12,64.1,6,"4,536"
F008571,"Soup, cream variety, instant dry mix","Instant dry cream type soup mix including chicken, onion, mushroom and vegetable flavours. Typical ingredients include chicken, dried onions, mushrooms, purees of potato, carrot, leak, wheat flour, green bean, swede, salt, non-fat milk solids, beef fat, vegetable protein, herbs and spices, maltodextrin, flavours and enhancers. Requires mixing with boiling water before consumption.","1,636",5.3,13.2,5.89,59.1,8.1,"4,230"
F008670,"Soup, vegetable, instant dry mix","Dry onion soup mix containing dried onion and other ingredients such as mushrooms, herbs, wheat flour, vegetable oil, beverage whitener, milk proteins, salt and vegetable gum. Requires mixing with boiling water before consumption.","1,212",6.7,2.1,0.91,58.3,10.3,"7,130"
F008661,"Soup, vegetable & noodle, instant dry mix","Instant tomato soup dry mix with noodles, containing tomato powder, wheat gluten, beverage whitener, vegetable oil, antioxidants, maize starch, maltodextrin, salt and spices. Requires mixing with boiling water before consumption.","1,530",8.7,6.3,2.59,65.5,16,"2,030"
F001973,"Butter, plain, salted","A product derived exclusively from milk and products obtained from milk, principally in the form of an emulsion of the type water-in-oil, containing no less than 80% milk fat. Contains added salt.","3,069",1.1,82.2,56.91,0.6,0.6,776
F001972,"Butter, plain, reduced salt","A product derived exclusively from milk and products obtained from milk, principally in the form of an emulsion of the type water-in-oil, containing no less than 80% milk fat. Reduced in salt compared to regular butter.","3,086",1.1,82.6,57.21,0.6,0.6,350
F001971,"Butter, plain, no added salt","A product derived exclusively from milk and products obtained from milk, principally in the form of an emulsion of the type water-in-oil, containing no less than 80% milk fat. Does not contain added salt.","3,069",1.1,82.2,56.91,0.6,0.6,10
F004205,"Ghee, clarified butter","Indian-style clarified butter containing at least 99.7% milk fat, used mainly in cooking.","3,701",0.3,99.9,65.69,0,0,2
F003466,"Dairy blend, butter & edible oil spread (approximately 80% fat), sodium 600 mg/100 g","A spread that is a blend of approximately two-thirds butter and one-third vegetable oil, generally canola oil, with a fat content of approximately 80%. Contains added salt and vitamins A and D.","2,915",0.5,78.1,33.88,1,0.6,611
F003464,"Dairy blend, butter & edible oil spread (approximately 80% fat), reduced salt (sodium 400 mg/100 g)","A spread that is a blend of approximately two-thirds butter and one-third vegetable oil, generally canola oil with a fat content of approximately 80%. Contains a lower salt content than regular dairy blend and added vitamin D. May contain added vitamin A.","2,915",0.5,78.1,35.46,1,0.6,410
F005309,"Margarine spread, monounsaturated (greater than 65% fat)","A monounsaturated edible oil spread containing approximately 65%  or more edible oils including canola oil, olive oil or blends of monounsaturated oils. Contains added salt and vitamins A and D.","2,500",0.5,67.3,14.86,0,0,358
F005310,"Margarine spread, monounsaturated (greater than 65% fat), reduced salt (sodium 360 mg/100 g)","A monounsaturated edible oil spread containing approximately 65% monounsaturated edible oils including canola oil, olive oil or blends of monounsaturated oils. Formulated to have a reduced salt content. Contains added vitamins A and D.","2,565",1,68.9,15.83,0,0,280
F005345,"Margarine spread, monounsaturated, reduced fat (less than 65% fat)","A monounsaturated edible oil spread containing less than 65% edible oils including canola oil, olive oil or blends of monounsaturated oils. Contains added salt and vitamins A and D.","1,793",1,48,10.44,0,0,340
F005352,"Margarine spread, monounsaturated, reduced fat (55% fat) & salt (sodium 380 mg/100 g)","A monounsaturated edible oil spread containing approximately 55% monounsaturated edible oils including canola oil, olive oil or blends of monounsaturated oils. Formulated to have a reduced salt content. Contains added vitamins A and D","1,922",1,51.5,11.52,0,0,338
F005319,"Margarine spread, monounsaturated (70% fat), reduced salt (sodium 350 mg/100 g), added phytosterols","A monounsaturated edible oil spread containing approximately 70% monounsaturated edible oils including canola oil, olive oil or blends of monounsaturated oils. Formulated to have a reduced salt content. Contains added vitamins A and D and phytosterols.","2,820",0.7,75.9,16.62,0,0,356
F005370,"Margarine spread, polyunsaturated (70% fat)","A polyunsaturated edible oil spread containing approximately 70% fat, the majority of which are polyunsaturated edible oils (including sunflower oil). Contains added salt and vitamins A and D.","2,552",0,69,14.79,0,0,562
F005373,"Margarine spread, polyunsaturated (70% fat), reduced salt (sodium 280 mg/100 g)",A polyunsaturated edible oil spread containing approximately 70% polyunsaturated edible oils (including sunflower oil). Formulated to have a reduced salt content. Contains added vitamins A and D.,"2,636",1,70.8,17.34,0,0,283
F006154,"Oil, almond",Edible oil extracted from the almond (Prunus amygdalus).,"3,700",0,100,6.02,0,0,0
F010968,"Oil, avocado",Edible oil extracted from the pulp of avocados (Persea americana).,"3,700",0,100,14.63,0,0,0
F006159,"Oil, canola","Edible oil extracted from the seeds of the canola plant (Brassica napus or Brassica campestris). Although derived from the same plant, canola oil is not rapeseed oil, and it is distinguished by low levels of erucic acid.","3,700",0,100,7.3,0,0,0
F006163,"Oil, coconut",An edible oil derived from the flesh and milk of the coconut palm (Cocos nucifera) fruit. The oil is white and solid at room temperature.,"3,689",0,99.7,87.25,0,0,0
F006165,"Oil, copha",Solidified edible oil extracted from the coconut and used in baking.,"3,700",0.2,99.9,92.41,0,0,1
F006166,"Oil, cottonseed",Edible oil derived from the seeds of the cotton plant.,"3,700",0,100,25.9,0,0,0
F006167,"Oil, grapeseed",Edible oil extracted from the seeds of grapes.,"3,700",0,100,11.38,0,0,0
F009855,"Oil, hemp","Edible oil extracted from the ripened fruits (seeds) of the hemp plant (Cannabis sativa). Refined or unrefined, cold pressed.","3,696",0,99.9,9.09,0,0,0
F006168,"Oil, linseed or flaxseed",Edible oil extracted from linseeds/flaxseeds.,"3,699",0,100,9,0,0,0
F006169,"Oil, macadamia",Edible oil extracted from the macadamia nut (Macadamia integrifolia).,"3,700",0,100,13.58,0,0,0
F006170,"Oil, maize",Edible oil obtained from the kernel of corn or maize (Zea mays).,"3,700",0,100,13.19,0,0,0
F006172,"Oil, mustard seed",Edible oil extracted from the seeds of the mustard plant (Sinapsis alba and Brassica nigra).,"3,700",0,100,12.04,0,0,0
F006177,"Oil, olive",Edible oil pressed from the flesh of the fruit of the olive tree (Olea europaea).,"3,695",0,99.9,15.52,0,0,0
F006181,"Oil, palm",Edible oil extracted from the oil palm.,"3,700",0,100,49.3,0,0,0
F006183,"Oil, peanut",Edible oil extracted from the kernel of the peanut (Leguminosae Arachis hypogaea L.).,"3,700",0,100,17.36,0,0,0
F006185,"Oil, rice bran",Edible oil extracted from the bran of the rice kernel.,"3,700",0,100,22.94,0,0,0
F006186,"Oil, safflower",Edible oil extracted from the seeds of the safflower plant (Carthamus tinctorius).,"3,700",0,100,9.37,0,0,0
F006187,"Oil, sesame","Dark-coloured oil extracted from toasted sesame seeds, used as a flavouring agent in Asian style cooking.","3,700",0,100,15.2,0,0,0
F006188,"Oil, soybean",Edible oil extracted from the seeds of the soybean plant (Glycine maximus).,"3,700",0,100,14.29,0,0,0
F006189,"Oil, sunflower",Edible oil obtained from the seed of the sunflower plant (Helianthus annuus).,"3,700",0,100,10.16,0,0,0
F006156,"Oil, blend of polyunsaturated vegetable oils","Edible oil composed of a mixture, or blend, of various polyunsaturated vegetable oils available in 2008. Blend composition in the analysed samples may not represent those available at other times. Oil may contain antioxidant.","3,700",0,100,13.1,0,0,0
F006155,"Oil, blend of monounsaturated vegetable oils","Edible oil composed of a mixture, or blend, of various monounsaturated vegetable oils available in 2008. Blend composition in the analysed samples may not represent those available at other times. Oil may contain antioxidant.","3,700",0,100,6.88,0,0,0
F006191,"Oil, vegetable","Edible oil composed of a mixture, or blend, of monounsaturated and polyunsaturated vegetable oils. Oil may contain antioxidant.","3,700",0,100,9.99,0,0,0
F003627,"Dripping, beef","Fat rendered from the meat, muscles and bones of beef.","3,703",0.2,100,52.1,0,0,0
F008959,Suet,"Hard, white fat surrounding the kidneys of beef and mutton.","3,504",1.5,94,51.62,0,0,7
F003817,"Fat, solid, vegetable oil based","Solidified edible oil product prepared from a blend of vegetable oils, commonly used for frying. Blend composition may vary.","3,702",0.2,100,49.02,0,0,0
F003729,"Egg, chicken, whole, raw","Edible portion, including yolk and white (albumen), of the egg of chickens. Uncooked.",534,12.6,8.5,2.3,0.3,0.3,150
F003725,"Egg, chicken, whole, poached","Edible portion, including yolk and white (albumen), of the egg of chickens, simmered in acidified water for 3-5 minutes, then drained.",556,13.1,8.8,2.39,0.3,0.3,156
F003721,"Egg, chicken, whole, hard-boiled","Edible portion, including yolk and white (albumen), of the egg of chickens, boiled in unsalted water for 5-10 minutes until both yolk and white are firm.",570,12.4,9.4,2.53,0.7,0.3,127
F003718,"Egg, chicken, whole, fried, no fat added","Edible portion, including yolk and white (albumen), of the egg of chickens, fried without added fat, until the yolk is set.",606,14.3,9.6,2.61,0.3,0.3,170
F003724,"Egg, chicken, whole, omega-3 polyunsaturate enriched, raw","Edible portion, including both yolk and white (albumen), of the egg of chickens fed a specific diet to increase the level of omega-3 polyunsaturated fatty acids. Actual levels of polyunsaturated fatty acids may vary depending on the chickens diet. Uncooked.",557,12.4,9.2,2.44,0.3,0.3,120
F003723,"Egg, chicken, whole, omega-3 polyunsaturate enriched, boiled","Edible portion, including both yolk and white (albumen), of the egg of chickens fed a specific diet to increase the level of omega-3 polyunsaturated fatty acids. Actual levels of polyunsaturated fatty acids may vary depending on the chickens diet. Boiled in water until both yolk and albumen are set.",568,12.7,9.4,2.5,0.3,0.3,122
F003737,"Egg, chicken, yolk, raw","Yolk portion of chicken eggs, including any adhering white (albumin) portion. Uncooked.","1,311",15.6,28.2,8.57,0.2,0.2,58
F003736,"Egg, chicken, yolk, hard-boiled","Yolk portion of chicken eggs, separated from the white (albumen) portion, cooked. ","1,450",16.1,31.7,9.63,0.2,0.2,47
F003706,"Egg, chicken, white (albumen), raw",White (albumen) portion of chicken eggs. Uncooked.,197,11.2,0,0,0.4,0.4,175
F003705,"Egg, chicken, white (albumen), hard-boiled","White (albumen) portion of chicken eggs, separated from the yolk portion after being boiled in the shell in unsalted water.",204,11.6,0,0,0.4,0.4,175
F003744,"Egg, duck, whole, raw","Edible portion, including yolk and white (albumen) of duck eggs. Uncooked.",743,12.8,13.8,3.68,0.9,0.9,146
F003743,"Egg, duck, whole, cooked","Edible portion, including yolk and white (albumen), of duck eggs, cooked until the yolk is set.",844,14.6,15.6,4.18,1,1,166
F003746,"Egg, emu, whole, raw","Edible portion, including yolk and white (albumen), of emu eggs. Uncooked.",743,13.3,13.8,4.2,0.3,0.3,118
F003749,"Egg, quail, whole, raw","Edible portion, including yolk and white (albumen), of quail eggs. Uncooked.",639,13,11.1,3.56,0.4,0.4,141
F000086,"Apple, bonza, unpeeled, raw",Round shaped fruit with red skin and cream coloured flesh.,258,0.3,0.3,0,11.5,11.5,0
F000091,"Apple, fuji, unpeeled, raw",Round shaped fruit with red skin and cream coloured flesh.,259,0.3,0.3,0,12.1,12.1,2
F000092,"Apple, golden delicious, unpeeled, raw",Round shaped fruit with golden green skin and cream coloured flesh.,229,0.3,0,0,11.6,11.6,1
F000095,"Apple, granny-smith, unpeeled, raw",Round shaped fruit with green skin and cream/white coloured flesh.,220,0.3,0,0,10.7,10.6,1
F000099,"Apple, jonathon, unpeeled, raw",Round shaped fruit with red skin and cream/white coloured flesh.,239,0.3,0,0,11.9,11.8,1
F000105,"Apple, pink lady, unpeeled, raw",Round shaped fruit with pink/red skin and cream coloured flesh.,257,0.2,0,0,12.3,12.2,1
F009066,"Apple, red bush, unpeeled, raw","Round shaped fruit with dark pink-red skin and creamy white flesh, native to Australia.",124,0.5,0.2,0.04,3.4,3.4,35
F000107,"Apple, red delicious, unpeeled, raw",Round shaped fruit with red skin and cream coloured flesh.,261,0.3,0,0,13.5,13,1
F000111,"Apple, royal gala, unpeeled, raw",Round shaped fruit with red skin and cream coloured flesh.,234,0.4,0,0,12.1,11.1,1
F000089,"Apple, dried","Round shaped fruit with either a green or red waxy skin and cream/white coloured flesh. Peeled, cut (into rings or diced) and dried before packaging.","1,142",1.2,0,0,59.8,59.4,260
F000134,"Apricot, raw","Small, orange coloured stone fruit.",178,0.2,0.4,0,7.3,7.2,1
F000130,"Apricot, dried","Small, orange-coloured stone fruit dried prior to packaging. May be treated to prevent browning.","1,011",4.2,0.4,0,43,42.3,22
F000123,"Apricot, canned in pear juice, drained","Small, orange-coloured stone fruit canned in pear juice, then drained.",205,1,0,0,7.8,7.8,3
F000262,"Banana, cavendish, peeled, raw",Long cylindrical fruit with thick yellow skin and cream-coloured flesh.,412,1.4,0.2,0,19.9,13.4,0
F000267,"Banana, lady finger or sugar, peeled, raw",Medium sized cylindrical fruit with a thick yellow skin and cream coloured flesh. Also known as sugar banana.,509,1,0,0,26.9,16.9,0
F009884,"Banana, frozen","Long cylindrical fruit with thick yellow skin and cream-coloured flesh. Peeled, sliced and purchased frozen.",424,1.4,0.2,0,20.5,13.7,0
F000257,Banana chip,"Dried, thinly sliced banana product that is sometimes fried in oil and coated with a sugary film.","2,206",2.3,33.6,29.12,50.7,35.3,5
F001267,"Blackberry, raw","Round fruit characterised by a collection of tiny, shiny, black drupelets around a central white core.",201,1.2,0.3,0,7.4,7.4,1
F001290,"Blueberry, raw","Small, deep blue berry with whitish waxy bloom.",214,0.5,0,0,10.4,10,2
F001289,"Blueberry, purchased frozen","Small, deep blue berry with whitish waxy bloom. Frozen prior to sale.",220,0.5,0,0,10.7,10.3,2
F002400,"Cheese fruit, raw",Large tropical berry consumed green or yellow to white when ripe with a bitter taste and a strong rancid smell.,212,0.8,0.3,0,9.8,7,30
F002522,"Cherry, raw","Small, deep reddish-purple stone fruit.",322,1.1,0,0,15.2,15.2,0
F002514,"Cherry, black, canned in syrup, drained","Small black cherries canned in sugar syrup, then drained.",325,0.9,0.1,0,16,15.7,5
F009883,"Cherry, pitted, frozen","Small, deep reddish-purple stone fruit, purchased frozen with the stone/pit removed.",331,1.1,0,0,15.6,15.6,0
F002520,"Cherry, dried","Small, deep reddish-purple stone fruit, pitted and dried before packaging. ","1,462",5,0,0,69.1,69.1,0
F003249,"Cranberry, raw","A small, round, bright red berry with a tart flavour.",142,0.5,0.1,0,4.3,4.3,2
F003248,"Cranberry, dried, sweetened","A small, round, bright red berry with a tart flavour, that has been dried (Craisins). Imported from the USA.","1,403",0.2,1.1,0.13,77.5,72.6,5
F009880,"Currant, fresh","Small, round tart berries that can be black or red in colour.",198,1.4,0.3,0,7.6,7.4,2
F003331,"Currant, dried",Grapes that have been dried and packaged prior to sale.,"1,288",2.7,0.5,0,69,67.1,25
F003328,"Cumquat (kumquat), raw","Small round orange fruit, similar in appearance to oranges but much smaller.",275,1.9,0.9,0.16,9.4,9.4,10
F003423,"Custard apple, African pride, peeled, raw",Light green to bluish green skin covered in irregular smooth bumps with white-cream flesh.,350,1.4,0.5,0,16.3,13.1,10
F003496,"Date, dried",Small brown pitted dates that have been dried.,"1,283",2,0.2,0,67.2,65.9,14
F003818,"Feijoa, raw","Green fruit with wrinkled inedible peel, similar in size and shape to a kiwi fruit, with a sweet clear gelatinous seed pulp.",183,0.6,0.4,0,8,7.7,2
F003834,"Fig, fresh, unpeeled, raw","Small pear shaped fruit with seedy sweet pulp that vary in colour from green to yellow, brown, purple or black.",204,1.4,0.3,0,8.1,8.1,3
F003832,"Fig, dried","Small pear shaped fruit with seedy sweet pulp that vary in colour from green to yellow, brown, purple or black that has been preserved by drying. Imported into Australia.","1,137",3.6,0.7,0.12,54.5,52.6,39
F004016,"Flower, rosella (native)","Whole buds, red in colour, supplied commercially in frozen state.",41,0.5,0,0,0,0,11
F004244,"Goji berry, dried",Small oblong berries that range from dark pink to red in colour. Dried before packaging without the addition of sugar or oil.,"1,300",11.9,3.7,0.64,49.1,47.7,450
F004253,"Grape, black muscatel (muscat), raw","Full bodied, seeded grape, with a black crisp skin and juicy pulp.",373,1.1,0.1,0,18.8,18.8,8
F004254,"Grape, black sultana, raw","Oval, black, seedless grape with crisp texture.",302,1.2,0.1,0,14,14,3
F004256,"Grape, cornichon, raw","Elongated, purple coloured grape.",280,1.3,0.1,0,12.7,12.7,3
F004260,"Grape, green, raw","Medium-sized, oval shaped grapes with light green skin and pale green flesh, seedless.",293,0.8,0,0,15.8,15.4,0
F004259,"Grape, red globe, raw","Large red grape, with a crisp skin and juicy sweet pulp.",333,0.8,0.1,0,17.1,17.1,2
F004261,"Grape, waltham cross, raw","Elongated oval grape, with a golden green firm skin and a sweet juicy pulp.",303,0.8,0.1,0,14.4,14.4,6
F011002,"Grapefruit, pink flesh, peeled, raw","Large, slightly tart citrus fruit. The rind is light yellow often with a pink tinge, and pink flesh.",181,0.8,0,0,7.7,7.7,1
F004262,"Grapefruit, yellow flesh, peeled, raw","Large, slightly tart citrus fruit. The rind is mostly yellow with a green or red tinge and yellow pulp.",176,0.9,0.2,0,6.5,6.5,4
F001917,"Green plum, raw","Oval-shaped small fruit with a soft green-yellow skin, native to Australia.",303,1.7,0.9,0.18,6.9,6.9,8
F004286,"Guava, Hawaiian, raw",Round to oblong shaped green skinned tropical fruit with pink flesh.,152,0.7,0.5,0,3.5,3.4,4
F004594,"Jackfruit, peeled, raw","Rough fruit with light-green to yellow skin, composed of small spiny segments with a short stem and yellow flesh.",365,2.2,0.3,0,16.7,16.3,3
F009140,"Kakadu plum, raw","Pear-shaped, yellow-green fruit about 2 cm long, native to Australia.",119,1,0.1,0.01,1.5,1.5,36
F004816,"Kiwifruit, green (hayward), peeled, raw","Oval shaped fruit with thin, brown, furry skin and green flesh. Imported from New Zealand.",244,1.2,0.7,0.17,9.1,8.8,2
F004815,"Kiwifruit, gold, peeled, raw","Oval shaped fruit, tapering at one end, with thin, brown, furry skin and gold-coloured flesh. Imported from New Zealand.",259,1.2,0.5,0,11.1,10.9,3
F005174,"Lemon, peeled, raw","Tart oval citrus fruit, with a yellow rind and pulp.",128,0.6,0.1,0,1.8,1.8,3
F005172,"Lemon peel, raw",The peel (Limonis Cortex) and the rind (flavedo) of fresh lemons.,121,1.5,0.3,0,0,0,6
F005175,"Lemon, preserved","Tart citrus fruit, with a yellow rind and pulp. Preserved in a lemon juice and salt brine. Typically, only the peel is consumed",112,0.7,0.1,0,1.3,1.3,"4,449"
F005199,"Lime, peeled, raw",Tart round/oval citrus fruit with light greenish-yellow rind and pulp when ripe.,134,0.8,0.1,0,1.2,1.2,2
F005198,"Lime, native, fruit","Small, round fruit with a bitter and tart citrus flavour, light green or yellow in colour. Supplied commercially in frozen state.",137,0.1,2.7,1.02,0.4,0.4,4
F005244,"Loquat, peeled, raw",Small round yellow/orange fruit with white/yellow/orange flesh.,128,1,0.2,0,4.9,4.9,2
F005255,"Lychee, peeled, raw",Small round to oval shaped fruit with a scaly reddish to reddish-brown skin and off-white flesh.,316,0.8,0,0,16.8,16.8,0
F009886,"Lychee, peeled, frozen",Small round to oval shaped fruit with a scaly reddish to reddish-brown skin and off-white flesh. Peeled and purchased frozen.,325,0.9,0,0,17.3,17.3,0
F005293,"Mandarin, peeled, raw",Citrus fruit with an orange peel and flesh. Imperial cultivar of mandarin.,210,0.8,0.2,0,9.8,9.8,3
F005289,"Mandarin, canned in syrup, drained","Mandarin segments canned in sugar syrup, then drained.",269,0.5,0.2,0,13.8,13.6,6
F005299,"Mango, peeled, raw",Tropical fruit with a smooth reddish to orange skin and orange flesh.,238,0.4,0,0,12.6,12.1,0
F009887,"Mango, peeled, frozen","Tropical fruit with a smooth reddish to orange skin and orange flesh. Peeled, chopped and purchased frozen.",245,0.4,0,0,12.9,12.4,0
F005300,"Mango, pulped, canned",Canned mango pulp. Contains added sugar.,262,0.4,0,0,14,13.6,0
F005516,"Melon, honey dew, white skin, peeled, raw",White/cream skinned melon with green flesh.,157,0.7,0.3,0,7.1,7.1,44
F005517,"Melon, honey dew, yellow skin, peeled, raw",Yellow skinned melon with white or green flesh.,113,0.8,0.3,0,4.4,4.4,40
F005519,"Melon, rockmelon, peeled, raw","Round green skinned fruit with brown netting, orange flesh and a sweet and smooth texture.",105,0.6,0,0,4.8,4.8,16
F005520,"Melon, watermelon, peeled, raw",Large oval fruit with a thick green skin and a pink to red flesh containing black seeds. Skin and seeds removed.,138,0.6,0,0,7.1,6.8,3
F005916,"Mulberry, raw",Glossy dark red to black coloured berry with sweet juicy flavour.,146,2.2,0.2,0,4.3,4.3,6
F009882,"Nectarine, white, unpeeled, raw",Small stone fruit with a reddish/orange skin and white flesh.,158,0.8,0,0,6.7,6.7,0
F006021,"Nectarine, yellow, unpeeled, raw",Small stone fruit with a reddish/orange skin and orange flesh.,171,0.8,0,0,7.9,7.9,0
F006276,"Orange, navel, peeled, raw","Round in shape with an orange waxy peel and orange flesh, that can be broken into segments. Include Washington, Lanes Late and Leng navel oranges.",184,1,0,0,8.2,8.2,1
F006279,"Orange, valencia, peeled, raw","Round in shape with an orange thin waxy peel and orange flesh, that can be broken into segments.",186,1,0,0,8.2,8.2,0
F006333,"Passionfruit, raw",Pulp and seeds of purple skinned passionfruit.,348,2.8,1.4,0.13,6.9,6.9,13
F009888,"Passionfruit, pulp, frozen","Pulp and seeds of purple skinned passionfruit, purchased frozen.",357,2.9,1.5,0.13,7.1,7.1,14
F006332,"Passionfruit, pulp, canned","Pulp and seeds of purple skinned passionfruit, canned passionfruit pulp.",463,1.4,0.7,0.06,20.4,20.4,8
F011001,"Papaya, red, peeled, raw",An oblong orange/green skinned fruit with red flesh and black seeds.,240,0.5,0,0,11.8,11.8,2
F011000,"Papaya, yellow, peeled, raw",An oblong orange/green skinned fruit with yellow flesh and black seeds.,132,0.5,0,0,6.4,6.4,2
F006571,"Peach, white, unpeeled, raw",Small stone fruit with a reddish/orange furry skin and white flesh.,152,0.7,0,0,7.5,7.2,0
F006573,"Peach, yellow, unpeeled, raw",Small stone fruit with a reddish/orange furry skin and orange flesh.,170,0.7,0,0,7.7,7.4,0
F006554,"Peach, canned in pear juice, drained","Small stone fruit with a reddish/orange furry skin and orange flesh canned in pear juice, then drained.",199,0.8,0.1,0,8.2,8.2,7
F006606,"Pear, Packham's triumph, unpeeled, raw","Round pear shape with medium length neck, yellowish green skin and white flesh.",243,0.4,0,0,12.5,12.4,0
F006612,"Pear, William Bartlett, unpeeled, raw",Round pear shape with medium length neck and slightly bumpy skin that is green to greenish yellow with white flesh.,232,0.3,0,0,9,9,1
F006601,"Pear, green skin, unpeeled, raw","Long pear shape with tapering neck, a green skin and yellowish white flesh. Includes averaged weighted results of Peckham's Triumph, William Bartlett.",254,0.4,0,0,10.8,10.8,0
F006585,"Pear, brown skin, unpeeled, raw","Long pear shape with tapering neck, brown skin and yellowish white flesh.",240,0.4,0,0,9.6,9.6,0
F006593,"Pear, canned in pear juice","Fruit with a long pear shape with tapering neck, a brown or green skin and yellowish white flesh canned pear in pear juice.",200,0.5,0,0,8.7,8.7,6
F006594,"Pear, canned in pear juice, drained","Fruit with a long pear shape with tapering neck, a brown or green skin and yellowish white flesh canned pear in pear juice, then drained.",206,0.6,0,0,8.6,8.6,6
F006595,"Pear, canned in pear juice, juice only",Pear juice drained from pears canned in juice.,190,0.2,0,0,8.8,8.8,6
F006604,"Pear, nashi, unpeeled, raw","A round fruit with a smooth, green-yellow or brownish-russet skin depending on variety, and a crisp texture. Appearance and size similar to that of an apple.",213,0.2,0,0,9.6,9.3,3
F006628,"Persimmon, peeled, raw",Round to heart shaped fruit with bright orange skin and orange flesh.,311,0.6,0.1,0,16,16,4
F006702,"Pineapple, peeled, raw","Oval fruit with a thick greenish skin and yellow flesh. Leaves, skin, bracts and core removed.",176,0.5,0,0,8.6,8.6,0
F009885,"Pineapple, peeled, frozen","Oval fruit with a thick greenish skin and yellow flesh. Leaves, skin, bracts and core removed. Purchased chopped and frozen.",181,0.5,0,0,8.8,8.8,0
F006707,"Pineapple, canned in pineapple juice","Oval fruit with a thick greenish skin and yellow flesh. Leaves, skin, bracts and core removed. Sliced and canned in pineapple juice.",250,0.5,0.6,0.16,12,12,5
F006708,"Pineapple, canned in juice, drained","Oval fruit with a thick greenish skin and yellow flesh. Leaves, skin, bracts and core removed. Sliced or chopped and canned in pineapple juice, then drained.",203,0,0,0,10.9,10.9,1
F006710,"Pineapple, canned in pineapple juice, juice only","Pineapple juice, used in canned pineapples.",201,0.3,0,0,10.6,10.6,1
F006712,"Pineapple, canned in syrup, drained","Oval fruit with a thick greenish skin and yellow flesh. Leaves, skin, bracts and core removed. Sliced and canned in heavy syrup, then drained.",315,0,0,0,17.5,17.5,1
F006832,"Plum, unpeeled, raw",Small round stone fruit with a deep purple skin and a reddish/purple flesh.,221,0.6,0,0,9,9,1
F006826,"Plum, dark, canned in syrup, drained","Satsuma or dark plums canned in sugar syrup, then drained.",408,0.5,0.1,0,21.3,21,4
F006828,"Plum, davidson (native), flesh",Small edible sour fruit with burgundy coloured flesh. Supplied commercially in frozen state.,284,1,0.2,0,14.3,3.9,45
F006830,"Plum, salted","Dried plums cured with a mixture of salt, sugar and other ingredients.",869,3.7,0,0,34.4,33.6,"8,400"
F006842,"Pomegranate, peeled, raw","Round shaped fruit, with hard, thick red skin, which is divided into large membrane segments containing bright red juicy seeds.",349,1.9,0.2,0,13.5,13.5,4
F007457,"Prickly pear, peeled, raw","Smooth skinned cactus fruit with clusters of tiny hair like spines, pulpy flesh containing numerous small black seeds. Also known as Indian Fig; Mission Cactus.",216,0.4,0.3,0,8.8,8.8,1
F007494,Prune (dried plum),A plum that has been dried before packaging with the pit removed.,877,2.6,0.4,0,32.3,31,4
F007571,"Quandong, fruit, flesh",Small fruit with a waxy shiny red skin. Supplied commercially in frozen state with kernels removed.,223,2.5,0,0,8.1,8.1,116
F007591,"Quince, peeled, raw","Tart pome fruit, with a bright golden yellow skin and flesh. Similar in appearance to a pear.",255,0.5,0.2,0,11,11,16
F007610,Raisin,"Dried red grapes, dark brown in colour.","1,358",2.1,0.9,0,74.4,74.1,5
F007612,"Rambutan, raw",Small fruit with either red or yellow skin with soft spines.,328,1,0.4,0,15.7,15.7,2
F007619,"Raspberry, raw","Small round berries characterised by a collection of tiny, shiny red drupelets.",213,1.1,0.3,0,6.9,6.7,1
F007618,"Raspberry, purchased frozen","Small round berries characterised by a collection of tiny, shiny red drupelets. Frozen prior to sale.",213,1.1,0.3,0,6.9,6.7,1
F007615,"Raspberry, canned in syrup, drained","Small round berries characterised by a collection of tiny, shiny red drupelets canned in sugar syrup, then drained.",362,1,0.2,0,16.2,15.9,6
F007628,"Rhubarb, stalk, raw",Long reddish/pink stem with large green leaves. Leaves removed.,106,1.5,0.2,0,1.7,1.7,12
F008983,Sultana,"Dried green grapes, dark brown in colour.","1,386",2.6,0.3,0,75.8,74,6
F002254,"Star fruit, raw","A tropical fruit which is star-shaped in cross section, with thin, yellow, edible peel and juicy yellow flesh.",150,0.8,0.2,0,6.2,6.2,6
F008952,"Strawberry, raw",Small sweet red berry with small seeds on the exterior.,140,0.7,0.2,0,5.6,5.5,0
F008951,"Strawberry, purchased frozen",Small sweet red berry with small seeds on the exterior. Frozen prior to sale.,140,0.7,0.2,0,5.6,5.5,0
F008946,"Strawberry, canned in syrup, drained","Small sweet red berry with small seeds on the exterior canned in sugar syrup, then drained.",374,0.9,0.1,0,18.7,18.5,10
F009080,"Tamarillo, peeled, raw","Small fruit with a smooth peel that can be purple, red, orange, or yellow. It has a black or orange flesh (the darker the peel, the darker the flesh) surrounding a nest of seeds",159,2,0.1,0,3.4,3.4,1
F009081,"Tamarind, paste, pure","Paste prepared exclusively with the pulp of ripe Tamarindus indica pod seeds, commonly used in tropical cuisine sauces.","1,086",2.8,0.6,0.26,57.4,38.8,28
F009087,"Tangelo, peeled, raw","Mandarin grapefruit cross. Cultivars include: Orlando, Minneola, Seminole and San Jucinto.",184,0.6,0.1,0,7.8,7.8,4
F009088,"Tangerine or tangor, peeled, raw",Mandarin orange cross.,192,1,0.2,0,8.1,8.1,2
F009534,"Wax jambu, raw","Pear-shaped fruit with bright to dark pink skin, white flesh and several large brown seeds. Also known as Java Apple; Rose Apple; Makopa; Wax Apple.",114,0.7,0.2,0,4.5,4.5,1
F004141,"Fruit salad, canned in fruit juice",A variety of fruits that have been canned in fruit juice.,212,0.7,0.1,0,9.8,9.8,4
F004142,"Fruit salad, canned in fruit juice, drained","A variety of fruits that have been canned in fruit juice, then drained.",218,0.8,0.2,0,9.5,9.5,4
F004143,"Fruit salad, canned in fruit juice, juice only","Fruit juice, used in canned fruit salad. Commonly used juices include apple, peach, pear and pineapple.",202,0.4,0,0,10.2,10.2,4
F005712,Mixed dried fruit,"Mixture of various types of dried fruits such as sultanas, currants, citrus peel, raisins, cherries.","1,351",2.2,0.7,0.03,73.6,71.2,12
F000243,"Baked beans, canned in tomato sauce","Navy/haricot beans canned in tomato sauce. Contains added salt, sugar, food acids, maize thickener and flavour.",384,4.8,0.3,0.04,13,5,298
F000244,"Baked beans, canned in tomato sauce, reduced salt","Navy/haricot beans canned in tomato sauce, formulated to have a reduced salt content. Contains added salt, sugar, food acids, maize thickener and flavour.",384,4.8,0.3,0.04,13,5,258
F000413,"Bean, black, dried, boiled, drained","Small, oval-shaped, shiny beans that are black in colour. Soaked in water before boiling in unsalted water and draining.",585,8.8,0.7,0.09,20,0,1
F000416,"Bean, broad, dried","Fresh seed, generally green in colour, removed from its pod. Uncooked.","1,344",24.3,2.1,0.32,39.4,2.7,21
F000415,"Bean, broad, canned, drained","Large, grey-brown beans with a thick seed coat. Cooked, canned in brine and drained.",253,7.4,0.5,0,2.3,0.7,270
F000419,"Bean, broad, fresh, raw","Fresh seed, generally green in colour, removed from its pod. Uncooked.",237,6.9,0.5,0,2.2,0.7,4
F000418,"Bean, broad, fresh, boiled, drained","Fresh seed, generally green in colour, removed from its pod and boiled in unsalted water without added fat, then drained. Outer seed skin not removed.",255,7.4,0.5,0,2.4,0.8,3
F000422,"Bean, butter, fresh, raw","Fresh seed and its pod, both of which are generally creamy yellow in colour. Uncooked.",106,2.3,0.2,0,2.3,1.8,3
F000421,"Bean, butter, fresh, boiled, drained","Fresh seed and its pod, both of which are generally creamy yellow in colour, boiled in unsalted water without added fat, then drained.",114,2.5,0.2,0,2.5,1.9,2
F000436,"Bean, haricot, dried","Small white bean, round to oval in shape. Dried and uncooked.","1,227",21.9,2.2,0.27,34.8,3.5,4
F000423,"Bean, haricot or cannellini, canned, drained","Small, oval-shaped beans that are white to beige in colour. Cooked, canned in brine and drained.",407,6.2,0.6,0.19,12.2,2.1,270
F000437,"Bean, haricot, dried, boiled, drained","Small white beans, round to oval in shape that have been dried, then soaked overnight, before boiling in unsalted water and drained.",469,8.2,0.7,0.09,12.6,4.7,8
F000441,"Bean, lima, dried","Flat kidney shaped bean which can be white or green, large or small. Dried and uncooked. Popularly called butter bean. Produced in USA, South America and Madagascar, imported into Australia.","1,311",21.4,1.7,0.39,40.6,3.7,3
F000442,"Bean, lima, dried, boiled, drained","Flat kidney shaped bean can be white or green, large or small that have been dried, then soaked in water before boiling in unsalted water and draining. Slightly sweet flavour when cooked. Popularly called butter bean. Produced in USA, South America and Madagascar, imported into Australia.",357,6.4,0.3,0.07,10.2,0.6,7
F000440,"Bean, lima or butter, canned, drained","Large, flat, kidney shaped beans that range from pale green to white in colour. Cooked, canned in brine and drained.",357,6.4,0.3,0.07,10.2,0.6,176
F000443,"Bean, lupin, canned, drained","Small, raw, oval-shaped beans that range from creamy yellow to white in colour, with or without brown mottling. From the pod of lupin plant species. Cooked, canned in brine and drained.",425,9.8,2.2,0.3,3.8,0.8,263
F000444,"Bean, mixed, canned, drained","A mixture of red kidney beans, lima or butter beans and chickpeas. Cooked, canned in brine and drained.",430,6.4,0.4,0.09,13.8,2.5,171
F000446,"Bean, mung, whole, dried, uncooked","Small, squarish, dark green beans. Whole, uncooked.","1,382",24.5,2,0.64,45.4,2.1,1
F000449,"Bean, red kidney, dried",Kidney shaped bean either elongated or plump in shape ranging in colour from dusky pink to deep red. Dried and uncooked.,"1,257",22.5,1.8,0.27,35.6,3.4,3
F000451,"Bean, red kidney, dried, boiled, drained","Kidney shaped bean either elongated or plump in shape ranging in colour from dusky pink to deep red that have been dried, then soaked in water overnight before boiling in unsalted water and draining.",383,7.9,0.5,0.07,9.1,0.6,8
F000453,"Bean, red kidney, fresh, raw","Fresh seed, generally red in colour, removed from its pod. Uncooked.",565,12.8,0.4,0,14.7,1.2,3
F000452,"Bean, red kidney, fresh, boiled, drained","Fresh seeds, generally red in colour, removed from their pod, boiled in unsalted water without added fat, then drained.",608,13.8,0.4,0,15.8,1.3,2
F000448,"Bean, red kidney, canned, drained","Kidney shaped bean either elongated or plump in shape ranging in colour from dusky pink to deep red, canned in sweetened brine, then drained.",444,6.6,0.6,0.22,14,2.4,320
F000454,"Bean, refried, canned","A thick paste made from pureed pinto beans, water, oil and salt. Cooked then canned.",375,5,2,0.64,10.9,0.5,370
F000458,"Bean, soya (soy), dried","Small oval shaped, creamy yellow coloured beans with a floury texture from the pod of soybean plant.","1,693",31.3,20.2,2.95,12.5,6.7,6
F000459,"Bean, soya (soy), dried, boiled, drained","Small oval shaped, creamy yellow coloured beans with a floury texture from the pod of soybean plant. Dried beans soaked, then cooked by boiling in unsalted water and draining, by microwaving, or by steaming.",616,13.5,7.7,1.12,1.4,1.4,9
F000457,"Bean, soya (soy), canned, drained","Small, oval-shaped, creamy yellow-coloured beans with a floury texture. From the pod of the soybean plant. Cooked, canned in brine and drained.",441,8.6,5.5,0.8,1.9,1.9,370
F002881,"Chickpea, dried","A small, round ball with an uneven surface, approximately 6-7 mm in size. Light to dark brown in colour with a thick seed coat.","1,405",19.7,5.5,0.56,40.2,2.2,11
F002882,"Chickpea, dried, boiled, drained","A small, round ball with an uneven surface, approximately 6-7 mm in size. Light to dark brown in colour with a thick seed coat, boiled with no added salt or fat.",511,7.2,2,0.2,14.6,0.8,4
F002880,"Chickpea, canned, drained","Small round cream coloured legume which has been boiled and canned in brine, then drained.",475,6.3,2.1,0.21,13.3,0.6,250
F005178,"Lentil, French, hulled, dry","Small, lens-shaped, edible pulse with a black/grey colour.","1,402",28.3,2,0.24,41.6,1,2
F005181,"Lentil, green, hulled, dry","Small, lens-shaped, edible pulse with a dusty green/brown colour.","1,379",25.3,1.7,0.24,43.7,1.5,13
F005184,"Lentil, red, hulled, dry","Small, lens-shaped, edible pulse with a red/orange colour.","1,411",23,1.9,0.24,48.3,2.7,2
F005249,"Lupin, dehulled, splits, uncooked","Small oval shaped, creamy yellow or white coloured raw beans with or without brown mottling, from the pod of lupin plant species. Includes Australian sweet lupin (Lupinus angustifolius) species. Lupin splits are inner kernels which have been halved and separated from the coat/hull.","1,404",37.5,7.9,1.08,14.8,2.8,50
F005248,"Lupin, dehulled, flakes, uncooked","Small oval shaped, creamy yellow or white coloured raw beans with or without brown mottling, from the pod of lupin plant species. Includes Australian sweet lupin (Lupinus angustifolius) species. Lupin flakes are formed by heating and rolling the dehulled lupin split.","1,378",36.9,7.7,1.06,14.7,3.6,50
F005250,"Lupin, whole, uncooked","Small oval shaped, creamy yellow or white coloured raw beans with or without brown mottling, from the pod of lupin plant species. Includes Australian sweet lupin (Lupinus angustifolius) species. Whole lupin grain includes the thick seed coat/hull and inner kernel.","1,246",28.6,6.5,0.89,11,2.3,50
F006543,"Pea, split, dried",Yellow or green field pea with husks removed. Dry and uncooked.,"1,433",23,2,0.23,50.5,2.5,7
F006544,"Pea, split, dried, boiled, drained","Yellow or green field pea with husks removed that have been dried, then soaked in water before boiling in unsalted water and draining.",367,6.6,0.4,0.05,9.1,2.9,9
F006541,"Pea, green, whole, dried",A small round green seed which has been dehydrated after harvest. Uncooked.,"1,356",22,2.1,0.24,44.2,2.4,5
F006545,"Pea, yellow, whole, dried",A small round yellow seed. Uncooked.,"1,430",23.3,2.3,0.32,47.5,2.6,12
F000473,"Beef, all cuts, separable fat, raw",Raw internal and external separable fat from 13 different cuts of beef from various regions of the carcase.,"2,478",12.1,61.4,25.68,0,0,25
F000472,"Beef, all cuts, separable fat, cooked, no added fat","Cooked internal and external separable fat from 13 different cuts of beef from various regions of the carcase. Oven roasted or grilled as purchased, still attached to the lean muscle meat, with no added fat to an internal temperature of 70 degrees celsius or until 'medium', then dissected.","2,317",15.3,55.6,21.58,0,0,29
F000514,"Beef, casserole meat, boneless or bone-in, shin, lean, raw",Boneless raw beef from the shin (or leg) of the carcase. Lean muscle meat only. All possible internal and external separable fat removed.,394,21.9,0.6,0.2,0,0,69
F000513,"Beef, casserole meat, boneless or bone-in, shin, lean, casseroled, no added fat",Boneless cooked beef from the shin (or leg) of the carcase. Lean muscle meat only. All possible internal and external separable fat removed after cooking.,682,33.8,2.8,1.04,0,0,60
F000518,"Beef, casserole meat, boneless or bone-in, shin, untrimmed, raw",Raw beef from the shin (or leg) of the carcase. Lean muscle meat with internal and external fat attached.,519,21.3,4.2,1.73,0,0,66
F000517,"Beef, casserole meat, boneless or bone-in, shin, untrimmed, casseroled, no added fat",Cooked beef from the shin (or leg) of the carcase. Lean muscle meat with internal fat and external fat attached.,960,30.6,11.8,4.53,0,0,55
F000523,"Beef, casserole meat, boneless, chuck, lean, raw","Raw beef from the fore portion of the carcase. Lean muscle meat only, with all possible internal and external separable fat removed.",517,23,3.4,1.21,0,0,62
F000522,"Beef, casserole meat, boneless, chuck, lean, casseroled, no added fat","Cooked beef from the fore portion of the carcase. Browned, simmered in minimal water for 2 hours then drained. Lean muscle meat only, with all possible internal and external separable fat removed after cooking.",953,33,10.6,3.54,0,0,53
F000527,"Beef, casserole meat, boneless, chuck, untrimmed, raw",Raw beef from the fore portion of the carcase. Lean muscle meat with all internal and external fat attached.,755,21.7,10.4,4.19,0,0,58
F000526,"Beef, casserole meat, boneless, chuck, untrimmed, casseroled, no added fat","Cooked beef from the fore portion of the carcase. Browned, simmered in minimal water for 2 hours then drained, without added fat. Lean muscle meat with all internal and external fat attached.","1,089",31.2,15.1,5.34,0,0,51
F000561,"Beef, diced, lean, raw ","Raw beef, purchased diced and likely to be from various regions of the carcase. Lean muscle meat only, with all possible internal and external separable fat removed.",574,27.9,2.7,0.96,0,0,38
F000560,"Beef, diced, lean, dry-fried, no added fat ","Cooked beef, purchased diced and likely to be from various regions of the carcase. Fried for 3-5 minutes with no added fat. Lean muscle meat only, with all possible internal and external separable fat removed after cooking.",653,32.1,2.9,0.93,0,0,47
F000559,"Beef, diced, lean, casseroled, no added fat","Cooked beef, purchased diced and likely to be from various regions of the carcase. Casseroled with no added fat. Lean muscle meat only, with all possible internal and external separable fat removed after cooking.",750,36.5,3.5,1.26,0,0,27
F000564,"Beef, diced, untrimmed, raw","Raw beef, purchased diced and likely to be from various regions of the carcase. Lean muscle meat with internal and external fat attached.",614,27.6,3.9,1.48,0,0,38
F000563,"Beef, diced, untrimmed, dry-fried, no added fat","Cooked beef, purchased diced and likely to be from various regions of the carcase. Fried for 3-5 minutes with no added fat. Lean muscle meat with internal and external fat attached.",678,31.8,3.7,1.24,0,0,47
F000562,"Beef, diced, untrimmed, casseroled, no added fat","Cooked beef, purchased diced and likely to be from various regions of the carcase. Casseroled with no added fat. Lean muscle meat with all internal and external separable fat attached.",774,36.2,4.3,1.56,0,0,27
F000931,"Beef, stir-fry strips, lean, raw ","Raw beef, purchased as strips and likely to be from various regions of the carcase. Lean muscle meat only, with all possible internal and external separable fat removed.",536,27.2,2,0.71,0,0,38
F000929,"Beef, stir-fry strips, lean, dry-fried, no added fat ","Cooked beef, purchased diced and likely to be from various regions of the carcase. Fried for 3-5 minutes with no added fat. Lean muscle meat only, with all possible internal and external separable fat removed after cooking.",644,30.9,3.2,1.02,0,0,47
F000934,"Beef, strips, lean, casseroled, no added fat","Cooked beef, purchased as strips and likely to be from various regions of the carcase. Casseroled with no added fat. Lean muscle meat only, with all possible internal and external separable fat removed after cooking.",740,37.5,2.8,0.98,0,0,29
F000933,"Beef, stir-fry strips, untrimmed, raw","Raw beef, purchased as strips and likely to be from various regions of the carcase. Lean muscle meat with internal and external fat attached.",559,27,2.7,1.01,0,0,38
F000932,"Beef, stir-fry strips, untrimmed, dry-fried, no added fat","Cooked beef, purchased as strips and likely to be from various regions of the carcase. Fried for 3-5 minutes with no added fat. Lean muscle meat with internal and external fat attached.",657,30.8,3.6,1.19,0,0,47
F000935,"Beef, strips, untrimmed, casseroled, no added fat","Cooked beef, purchased as strips and likely to be from various regions of the carcase. Casseroled with no added fat. Lean muscle meat with all internal and external separable fat attached.",752,37.3,3.2,1.15,0,0,29
F000666,"Beef, mince, lower fat, raw ","Raw minced beef supplied with a fat content less than 5%. Commonly includes minced beef labelled as lean, heart smart, five star or ultra fine.",541,22.9,4.1,1.76,0,0,68
F000667,"Beef, mince, lower fat, stir-fried, no added fat",Minced beef supplied with a fat content less than 5% when raw. Fried with no added fat.,849,32.3,8.1,3.55,0,0,82
F000678,"Beef, mince, regular fat, raw ",Raw minced beef supplied with a fat content between 5-10%.,710,22.4,8.9,3.83,0,0,68
F000679,"Beef, mince, regular fat, stir-fried, no added fat",Minced beef supplied with a fat content between 5-10% when raw. Fried with no added fat.,"1,108",29.5,16.4,7.52,0,0,82
F000655,"Beef, mince, higher fat, raw ",Raw minced beef supplied with a fat content greater than 10%.,767,22.5,10.4,4.74,0,0,51
F000656,"Beef, mince, higher fat, stir-fried, no added fat",Minced beef supplied with a fat content greater than 10% when raw. Fried with no added fat.,968,27.6,13.5,5.99,0,0,60
F000637,"Beef, mince, fried, no added fat","Minced beef, including all fat levels, weighted according to consumption patterns observed during the 2023 National Nutrition and Physical Activity Survey. Cooked without added fat. ",829,30.6,8.3,3.58,0,0,50
F000739,"Beef, rump steak, lean, raw","Raw beef from the hind portion of the carcase. Lean muscle meat only, with all possible internal and external separable fat removed.",450,20.4,2.8,1,0,0,50
F000738,"Beef, rump steak, lean, grilled, no added fat","Cooked beef from the hind portion of the carcase. Grilled for 6-10 minutes until 'medium' with no added fat. Lean muscle meat only, with all possible internal and external separable fat removed after cooking.",710,32,4.5,1.5,0,0,43
F000765,"Beef, rump steak, untrimmed, raw",Raw beef from the hind portion of the carcase. Lean muscle meat with internal fat. Majority of external fat removed.,546,20,5.6,2.16,0,0,49
F000764,"Beef, rump steak, untrimmed, grilled, no added fat",Cooked beef from the hind portion of the carcase. Grilled for 6-10 minutes until 'medium' with no added fat. Lean muscle meat with internal and external fat attached.,910,29.9,10.8,4,0,0,41
F000810,"Beef, sirloin steak, lean, raw","Raw beef from the midsection of the carcase. Lean muscle meat only, with all possible internal and external separable fat removed.",480,24.1,1.9,0.71,0,0,57
F000809,"Beef, sirloin steak, lean, grilled, no added fat","Cooked beef from the midsection of the carcase. Grilled for 6-10 minutes until 'medium' with no added fat. Lean muscle meat only, with all possible internal and external separable fat removed after cooking.",659,30.5,3.8,1.24,0,0,49
F000825,"Beef, sirloin steak, untrimmed, raw",Raw beef from the midsection of the carcase. Lean muscle meat with internal fat. Majority of external fat removed.,599,23.4,5.4,2.21,0,0,55
F000824,"Beef, sirloin steak, untrimmed, grilled, no added fat",Cooked beef from the midsection of the carcase. Grilled for 6-10 minutes until 'medium' with no added fat. Lean muscle meat with internal and external fat attached.,"1,007",27.3,14.7,5.51,0,0,45
F000836,"Beef, steak, boneless, fillet or tenderloin, lean, raw","Raw beef from the midsection of the carcase. Lean muscle meat only, with all possible internal and external separable fat removed.",570,22.2,5.2,1.95,0,0,57
F000835,"Beef, steak, boneless, fillet or tenderloin, lean, grilled, no added fat","Cooked beef from the midsection of the carcase. Grilled for 6-10 minutes until 'medium' with no added fat. Lean muscle meat only, with all possible internal and external separable fat removed after cooking.",746,31.9,5.5,1.8,0,0,49
F000839,"Beef, steak, boneless, fillet or tenderloin, untrimmed, raw",Raw beef from the midsection of the carcase. Lean muscle meat with internal and external fat attached.,710,21.4,9.3,3.7,0,0,55
F000838,"Beef, steak, boneless, fillet or tenderloin, untrimmed, grilled, no added fat",Cooked beef from the midsection of the carcase. Grilled for 6-10 minutes until 'medium' with no added fat. Lean muscle meat with internal and external fat attached.,849,30.8,8.8,3.1,0,0,48
F000826,"Beef, steak, boneless or bone-in, blade, lean, raw","Raw beef from the fore portion of the carcase. Lean muscle meat only, with all possible internal and external separable fat removed.",474,22.2,2.6,0.93,0,0,56
F000877,"Beef, steak, boneless or bone-in, blade, lean, grilled, no added fat","Cooked beef from the fore portion of the carcase. Grilled for 6-10 minutes until 'medium' with no added fat. Lean muscle meat only, with all possible internal and external separable fat removed after cooking.",650,31.9,2.9,0.97,0,0,48
F000828,"Beef, steak, boneless or bone-in, blade, untrimmed, raw",Raw beef from the fore portion of the carcase. Lean muscle meat with internal and external fat attached.,707,21,9.5,3.82,0,0,52
F000879,"Beef, steak, with bone, blade, untrimmed, grilled, no added fat",Cooked beef from the fore portion of the carcase. Grilled for 6-10 minutes until 'medium' with no added fat. Lean muscle meat with internal and external fat attached.,791,30.5,7.4,2.72,0,0,46
F000841,"Beef, steak, boneless, round, lean, raw","Raw beef from the hind portion of the carcase. Lean muscle meat only, with all possible internal and external separable fat removed.",420,21,1.7,0.58,0,0,50
F000840,"Beef, steak, boneless, round, lean, grilled, no added fat","Cooked beef from the hind portion of the carcase. Grilled for 6-10 minutes until 'medium' with no added fat. Lean muscle meat only, with all possible internal and external separable fat removed after cooking.",615,31.8,2,0.69,0,0,43
F000845,"Beef, steak, boneless, round, untrimmed, raw",Raw beef from the hind portion of the carcase. Lean muscle meat with internal and external fat attached.,568,20.4,6,2.38,0,0,48
F000844,"Beef, steak, boneless, round, untrimmed, grilled, no added fat",Cooked beef from the hind portion of the carcase. Grilled for 6-10 minutes until 'medium' with no added fat. Lean muscle meat with internal and external fat attached.,697,31,4.6,1.69,0,0,42
F000847,"Beef, steak, boneless, scotch fillet, lean, raw","Raw beef from the fore portion of the carcase. Lean muscle meat only, with all possible internal and external separable fat removed.",508,23.8,2.8,1.05,0,0,57
F000846,"Beef, steak, boneless, scotch fillet, lean, grilled, no added fat","Cooked beef from the fore portion of the carcase. Grilled for 6-10 minutes until 'medium' with no added fat. Lean muscle meat only, with all possible internal and external separable fat removed after cooking.",707,31.9,4.5,1.46,0,0,49
F000851,"Beef, steak, boneless, scotch fillet, untrimmed, raw",Raw beef from the fore portion of the carcase. Lean muscle meat with internal fat. Majority of external fat removed.,751,22.4,10,4.09,0,0,53
F000850,"Beef, steak, boneless, scotch fillet, untrimmed, grilled, no added fat",Cooked beef from the fore portion of the carcase. Grilled for 6-10 minutes until 'medium' with no added fat. Lean muscle meat with internal and external fat attached.,953,29.4,12.3,4.53,0,0,46
F000887,"Beef, steak, with bone, T-bone, lean, raw","Raw beef from the midsection of the carcase. Lean muscle meat only, with all possible internal and external separable fat removed.",487,24.4,2,0.74,0,0,57
F000886,"Beef, steak, with bone, T-bone, lean, grilled, no added fat","Cooked beef from the midsection of the carcase. Grilled for 6-10 minutes until 'medium' with no added fat. Lean muscle meat only, with all possible internal and external separable fat removed after cooking.",637,29.2,3.8,1.25,0,0,49
F000891,"Beef, steak, with bone, T-bone, untrimmed, raw",Raw beef from the midsection of the carcase. Lean muscle meat with internal and external fat attached.,988,21.3,16.9,7.02,0,0,49
F000890,"Beef, steak, with bone, T-bone, untrimmed, grilled, no added fat",Cooked beef from the midsection of the carcase. Grilled for 6-10 minutes until 'medium' with no added fat. Lean muscle meat with internal and external fat attached.,984,26.3,14.5,5.44,0,0,45
F000549,"Beef, corned, lean, cooked","Beef from the hind portion of the carcase that has been cured with water and a mixture of salt, sugar, mineral salts, antioxidant and nitrite. Cooked without added fat, with all internal and external fat removed. ",425,18.4,3,1.27,0.2,0.2,"1,200"
F000792,"Beef, silverside roast, lean, raw ","Raw beef from the hind portion of the carcase. Lean muscle meat only, with all possible internal and external separable fat removed.",495,24.1,2.3,0.83,0,0,44
F000793,"Beef, silverside roast, lean, roasted, no added fat","Cooked beef from the hind portion of the carcase. Oven baked to an internal temperature of 70 degrees celsius with no added fat. Lean muscle meat only, with all possible internal and external separable fat removed after cooking.",664,26.9,5.6,1.55,0,0,54
F000798,"Beef, silverside roast, untrimmed, raw",Raw beef from the hind portion of the carcase. Lean muscle meat with internal and external fat attached.,710,22.8,8.7,3.54,0,0,42
F000799,"Beef, silverside roast, untrimmed, roasted, no added fat",Cooked beef from the hind portion of the carcase. Oven baked to an internal temperature of 70 degrees celsius with no added fat. Lean muscle meat with internal and external fat attached.,797,26,9.6,3.16,0,0,52
F000961,"Beef, topside roast, lean, raw ","Raw beef from the hind portion of the carcase. Lean muscle meat only, with all possible internal and external separable fat removed.",490,22.3,3,1.09,0,0,44
F000962,"Beef, topside roast, lean, roasted, no added fat","Cooked beef from the hind portion of the carcase. Oven baked to an internal temperature of 70 degrees celsius with no added fat. Lean muscle meat only, with all possible internal and external separable fat removed after cooking.",660,32.7,2.8,0.78,0,0,54
F000966,"Beef, topside roast, untrimmed, raw",Raw beef from the hind portion of the carcase. Lean muscle meat with internal and external fat attached.,681,21.3,8.6,3.45,0,0,42
F000967,"Beef, topside roast, untrimmed, roasted, no added fat",Cooked beef from the midsection of the carcase. Oven baked to an internal temperature of 70 degrees celsius with no added fat. Lean muscle meat with internal and external fat attached.,793,31.3,7.1,2.46,0,0,52
F010944,"Meatball or rissole, beef mince, commercial, raw","Raw commercial meatball or rissole containing minced meat, onion, salt, sugar and spices.",918,15.5,16.3,7.64,2,0.3,530
F005484,"Meatball or rissole, beef, commercial, cooked","Raw commercial meatball or rissole containing minced meat, onion, salt, sugar, spices and bread crumbs, cooked without fat or oil.","1,241",20.9,22,10.33,2.7,0.4,716
F009360,"Veal, all cuts, separable fat, raw",Raw veal fat from various regions of the carcase. Internal and external separable fat only.,"1,403",19.4,29,13.99,0,0,25
F009359,"Veal, all cuts, separable fat, cooked","Cooked internal and external separable fat from 4 different cuts from various regions of the carcase. Oven baked or grilled as purchased, still attached to the lean muscle meat, with no added fat to an internal temperature of 70 degrees celsius or until 'medium', then dissected.","1,573",20.7,33,17.04,0,0,32
F009370,"Veal, cutlet, with bone, lean, raw ","Raw veal from the midsection of the carcase. Lean muscle meat only, with all possible internal and external separable fat removed.",459,24.6,1.1,0.4,0,0,45
F009369,"Veal, cutlet, with bone, lean, grilled, no added fat ","Cooked veal from the midsection of the carcase. Grilled for 6-10 minutes until 'medium' with no added fat. Lean muscle meat only, with all possible internal and external separable fat removed after cooking.",552,28.1,2,0.84,0,0,46
F009374,"Veal, cutlet, with bone, untrimmed, raw",Raw veal from the midsection of the carcase. Lean muscle meat with internal and external fat attached.,523,24.2,3,1.32,0,0,44
F009373,"Veal, cutlet, with bone, untrimmed, grilled, no added fat",Cooked veal from the midsection of the carcase. Grilled for 6-10 minutes until 'medium' with no added fat. Lean muscle meat with internal and external fat attached.,632,27.5,4.4,2.12,0,0,45
F009379,"Veal, diced, lean, raw ","Raw veal, purchased diced and likely to be from various regions of the carcase. Lean muscle meat only, with all possible internal and external separable fat removed.",448,23.1,1.5,0.52,0,0,46
F009380,"Veal, diced, lean, stir-fried, no added fat ","Cooked veal, purchased diced and likely to be from various regions of the carcase. Fried for 3-5 minutes with no added fat. Lean muscle meat only, with all possible internal and external separable fat removed after cooking.",653,31.9,3,1.13,0,0,85
F009381,"Veal, diced, untrimmed, raw","Raw veal, purchased diced and likely to be from various regions of the carcase. Lean muscle meat with internal and external fat attached.",466,23,2,0.77,0,0,46
F009382,"Veal, diced, untrimmed, stir-fried, no added fat","Cooked veal, purchased diced and likely to be from various regions of the carcase. Fried for 2-5 minutes with no added fat. Lean muscle meat with internal and external fat attached.",679,31.6,3.8,1.58,0,0,84
F009438,"Veal, stir-fry strips, lean, raw ","Raw veal, purchased as strips and likely to be from various regions of the carcase. Lean muscle meat only, with all possible internal and external separable fat removed.",536,27.2,2,0.7,0,0,56
F009439,"Veal, stir-fry strips, lean, stir-fried, no added fat ","Cooked veal, purchased as strips and likely to be from various regions of the carcase. Fried for 3-5 minutes with no added fat. Lean muscle meat only, with all possible internal and external separable fat removed after cooking.",614,30,2.8,1.06,0,0,79
F009440,"Veal, stir-fry strips, untrimmed, raw","Raw veal, purchased as strips and likely to be from various regions of the carcase. Lean muscle meat with internal and external fat attached.",551,27.1,2.5,0.93,0,0,55
F009441,"Veal, stir-fry strips, untrimmed, stir-fried, no added fat","Cooked veal, purchased as strips and likely to be from various regions of the carcase. Fried for 3-5 minutes with no added fat. Lean muscle meat with internal and external fat attached.",623,29.9,3.1,1.22,0,0,78
F009433,"Veal, steak, boneless, leg, lean, raw ","Raw veal from the hind portion of the carcase. Lean muscle meat only, with all possible internal and external separable fat removed.",470,24.4,1.5,0.44,0,0,56
F009432,"Veal, steak, boneless, leg, lean, grilled, no added fat ","Cooked veal from the hind portion of the carcase. Grilled for 6-10 minutes until 'medium' with no added fat. Lean muscle meat only, with all possible internal and external separable fat removed after cooking.",655,34.4,1.9,0.53,0,0,49
F009435,"Veal, steak, boneless, leg, untrimmed, raw",Raw veal from the hind portion of the carcase. Lean muscle meat with internal and external fat attached.,482,24.3,1.8,0.61,0,0,56
F009434,"Veal, steak, boneless, leg, untrimmed, grilled, no added fat",Cooked veal from the hind portion of the carcase. Grilled for 6-10 minutes until 'medium' with no added fat. Lean muscle meat with internal and external fat attached.,675,34.1,2.6,0.89,0,0,49
F004831,"Lamb, all cuts, separable fat, raw",Raw internal and external separable fat from 11 different cuts of lamb from various regions of the carcase.,"2,315",10.8,57.6,25.75,0,0,22
F004830,"Lamb, all cuts, separable fat, cooked","Cooked internal and external separable fat from 11 different cuts of lamb from various regions of the carcase. Oven baked or grilled as purchased, still attached to the lean muscle meat, with no added fat to an internal temperature of 70 degrees celsius or until 'medium', then dissected.","2,251",16.2,53.4,24.72,0,0,28
F004899,"Lamb, chop, with bone, chump, lean, raw ","Raw lamb from the hind portion of the carcase. Lean muscle meat only, with all possible internal and external separable fat removed.",542,22.5,4.3,1.4,0,0,65
F004898,"Lamb, chop, with bone, chump, lean, grilled, no added fat","Cooked lamb from the hind portion of the carcase. Grilled for 6-10 minutes until 'medium' with no added fat. Lean muscle meat only, with all possible internal and external separable fat removed after cooking.",957,34.1,10.2,3.62,0,0,65
F004911,"Lamb, chop, with bone, chump, untrimmed, raw",Raw lamb from the hind portion of the carcase. Lean muscle meat with internal and external fat attached.,981,19.6,17.5,7.43,0,0,54
F004910,"Lamb, chop, with bone, chump, untrimmed, grilled, no added fat",Cooked lamb from the hind portion of the carcase. Grilled for 6-10 minutes until 'medium' with no added fat. Lean muscle meat with internal and external fat attached.,"1,251",30,20,8.4,0,0,57
F004885,"Lamb, chop, with bone, forequarter, lean, raw ","Raw lamb from the fore portion of the carcase. Lean muscle meat only, with all possible internal and external separable fat removed.",559,20.5,5.7,1.99,0,0,72
F004884,"Lamb, chop, with bone, forequarter, lean, grilled, no added fat","Cooked lamb from the fore portion of the carcase. Grilled for 6-10 minutes until 'medium' with no added fat. Lean muscle meat only, with all possible internal and external separable fat removed after cooking.",898,28,11.4,4.3,0,0,67
F004888,"Lamb, chop, with bone, forequarter, untrimmed, raw",Raw lamb from the fore portion of the carcase. Lean muscle meat with internal and external fat attached.,"1,126",17.4,22.4,9.65,0,0,56
F004883,"Lamb, chop, with bone, forequarter, grilled, no added fat",Cooked lamb from the fore portion of the carcase. Grilled for 6-10 minutes until 'medium' with no added fat. Lean muscle meat with internal and external fat attached.,"1,172",25.6,19.9,8.44,0,0,59
F005027,"Lamb, loin chop, lean, raw ","Raw lamb from the midsection of the carcase. Lean muscle meat only, with all possible internal and external separable fat removed.",671,28.6,5,1.8,0,0,71
F005026,"Lamb, loin chop, lean, grilled, no added fat","Cooked lamb from the midsection of the carcase. Grilled for 6-10 minutes until 'medium' with no added fat. Lean muscle meat only, with all possible internal and external separable fat removed after cooking.",843,29.8,9.1,3.35,0,0,74
F005044,"Lamb, loin chop, untrimmed, raw",Raw lamb from the midsection of the carcase. Lean muscle meat with internal and external fat attached.,"1,276",22,24.4,10.61,0,0,53
F005043,"Lamb, loin chop, untrimmed, grilled, no added fat",Cooked lamb from the midsection of the carcase. Grilled for 6-10 minutes until 'medium' with no added fat. Lean muscle meat with internal and external fat attached.,"1,154",26.8,18.9,8.06,0,0,64
F004919,"Lamb, cutlet or frenched cutlet, with bone, lean, raw","Raw lamb frenched cutlet or rack, from the midsection of the carcase. Lean muscle meat only, with all possible internal and external separable fat removed.",585,20.9,6.2,2.24,0,0,64
F004918,"Lamb, cutlet or frenched cutlet, with bone, lean, grilled, no added fat ","Cooked lamb frenched cutlet or rack, from the midsection of the carcase. Lean muscle meat only, with all possible internal and external separable fat removed.",837,30.5,8.6,3.16,0,0,66
F004923,"Lamb, cutlet or frenched cutlet, with bone, untrimmed, raw",Raw lamb from the midsection of the carcase. Lean muscle meat with internal and external fat attached.,976,18.6,17.8,7.56,0,0,54
F004922,"Lamb, cutlet or frenched cutlet, with bone, untrimmed, grilled, no added fat",Cooked lamb from the midsection of the carcase. Grilled for 6-10 minutes until 'medium' with no added fat. Lean muscle meat with internal and external fat attached.,"1,163",27.2,18.9,8.13,0,0,57
F004928,"Lamb, diced, lean, raw ","Raw lamb, purchased diced or in strips. Lean muscle meat only, with all possible internal and external separable fat removed.",554,21.3,5.2,1.82,0,0,53
F004929,"Lamb, diced, lean, stir-fried, no added fat","Cooked lamb, purchased diced and likely to be from various regions of the carcase. Fried for 3-5 minutes with no added fat. Lean muscle meat only, with all possible internal and external separable fat removed after cooking.",773,31.3,6.5,2.45,0,0,59
F004927,"Lamb, diced, lean, casseroled, no added fat","Cooked lamb, purchased diced and likely to be from various regions of the carcase. casseroled with no added fat. Lean muscle meat only, with all possible internal and external separable fat removed after cooking.",776,32.2,6.2,2,0,0,43
F004931,"Lamb, diced, untrimmed, raw","Raw lamb, purchased diced and likely to be from various regions of the carcase. Lean muscle meat with internal and external fat attached.",588,21.1,6.2,2.27,0,0,52
F004932,"Lamb, diced, untrimmed, stir-fried, no added fat","Cooked lamb, purchased diced and likely to be from various regions of the carcase. Fried for 3-5 minutes with no added fat. Lean muscle meat with internal and external fat attached.",806,31,7.6,2.95,0,0,58
F004930,"Lamb, diced, untrimmed, casseroled, no added fat","Cooked lamb, purchased diced and likely to be from various regions of the carcase. Casseroled with no added fat. Lean muscle meat with internal and external fat attached.",809,31.8,7.2,2.51,0,0,42
F005121,"Lamb, stir-fry strips, lean, raw","Raw lamb, purchased as strips and likely to be from various regions of the carcase. Lean muscle meat only, with all possible internal and external separable fat removed.",528,21.9,4.2,1.36,0,0,53
F005122,"Lamb, stir-fry strips, lean, stir-fried, no added fat","Cooked lamb, purchased as strips and likely to be from various regions of the carcase. Fried for 3-5 minutes with no added fat. Lean muscle meat only, with all possible internal and external separable fat removed after cooking.",763,28.1,7.7,2.73,0,0,59
F005120,"Lamb, stir-fry strips, lean, casseroled, no added fat","Cooked lamb, purchased as strips and likely to be from various regions of the carcase. Casseroled with no added fat. Lean muscle meat only, with all possible internal and external separable fat removed after cooking.",776,32.2,6.2,2,0,0,43
F005125,"Lamb, stir-fry strips, untrimmed, raw","Raw lamb, purchased as strips and likely to be from various regions of the carcase. Lean muscle meat with internal and external fat attached.",578,21.6,5.7,2.05,0,0,52
F005126,"Lamb, stir-fry strips, untrimmed, stir-fried, no added fat","Cooked lamb, purchased as strips and likely to be from various regions of the carcase. Fried for 3-5 minutes with no added fat. Lean muscle meat with internal and external fat attached.",781,28,8.3,3,0,0,59
F005124,"Lamb, stir-fry strips, untrimmed, casseroled, no added fat","Cooked lamb, purchased as strips and likely to be from various regions of the carcase. Casseroled with no added fat. Lean muscle meat with internal and external fat attached.",794,32,6.8,2.28,0,0,43
F005049,"Lamb, mince, raw",Raw minced lamb.,602,20.4,6.9,2.32,0,0,57
F005050,"Lamb, mince, stir-fried, no added fat",Cooked mince lamb.,729,24.4,8.5,3.12,0,0,74
F005013,"Lamb, leg roast, lean, raw ","Raw lamb from the hind portion of the carcase. Lean muscle meat only, with all possible internal and external separable fat removed.",477,21.1,3.2,1.04,0,0,68
F005014,"Lamb, leg roast, lean, roasted, no added fat","Cooked lamb from the hind portion of the carcase. Oven baked to an internal temperature of 70 degrees celsius with no added fat. Lean muscle meat only, with all possible internal and external separable fat removed after cooking.",742,30.6,6,2.13,0,0,65
F005017,"Lamb, leg roast, untrimmed, raw",Raw lamb from the hind portion of the carcase. Lean muscle meat with internal and external fat attached.,786,19.4,12.3,5.19,0,0,60
F005018,"Lamb, leg roast, untrimmed, roasted, no added fat",Cooked lamb from the hind portion of the carcase. Oven baked to an internal temperature of 70 degrees celsius with no added fat. Lean muscle meat with internal and external fat attached.,958,28.5,12.8,5.37,0,0,60
F005053,"Lamb, mini roast, lean, roasted, no added fat","Cooked lamb from the hind portion of the carcase. Oven baked to an internal temperature of 70 degrees  celsius with no added fat. Lean muscle meat only, with all possible internal and external separable fat removed after cooking.",680,27.8,5.6,1.98,0,0,58
F005055,"Lamb, mini roast, untrimmed, roasted, no added fat",Cooked lamb from the hind portion of the carcase. Oven baked to an internal temperature of 70 degrees  celsius with no added fat. Lean muscle meat with internal and external fat attached.,858,26.5,11,4.56,0,0,55
F005074,"Lamb, roasting piece, shoulder, lean, raw ","Raw lamb from the fore portion of the carcase. Lean muscle meat only, with all possible internal and external separable fat removed.",468,18.2,4.3,1.5,0,0,53
F005067,"Lamb, roasting piece, shoulder, lean, roasted, no added fat","Cooked lamb from the fore portion of the carcase. Oven baked to an internal temperature of 70 degrees celsius with no added fat. Lean muscle meat only, with all possible internal and external separable fat removed after cooking.",703,29.6,5.4,2.04,0,0,69
F005077,"Lamb, roasting piece, shoulder, untrimmed, raw",Raw lamb from the fore portion of the carcase. Lean muscle meat with internal and external fat attached.,894,16.5,16.6,7.09,0,0,46
F005078,"Lamb, roasting piece, shoulder, untrimmed, roasted, no added fat",Cooked lamb from the fore portion of the carcase. Oven baked to an internal temperature of 70 degrees celsius with no added fat. Lean muscle meat with internal and external fat attached.,"1,095",26.2,17.5,7.78,0,0,59
F004948,"Lamb, eye of loin, lean, raw","Raw lamb from the midsection of the carcase. Lean muscle meat only, with all possible internal and external separable fat removed.",498,20.8,3.9,1.79,0,0,69
F004947,"Lamb, eye of loin, lean, microwaved, no added fat ","Lamb from the midsection of the carcase. Lean muscle meat only, with all possible internal and external separable fat removed. Grilled for 6 minutes.",663,26.8,5.6,2.68,0,0,63
F004951,"Lamb, eye of loin, untrimmed, raw","Raw lamb from the midsection of the carcase. Lean muscle meat only, with all internal and external separable fat.",545,20.6,5.3,2.42,0,0,68
F004950,"Lamb, eye of loin, untrimmed, microwaved, no added fat","Cooked lamb from the midsection of the carcase. Lean muscle meat only, with all internal and external separable fat. Cooked for 3-7 mins.",691,26.6,6.5,3.08,0,0,62
F004954,"Lamb, fillet, lean, raw","Raw lamb from the midsection of the carcase. Lean muscle meat only, with all possible internal and external separable fat.",485,19.8,4,1.84,0,0,69
F004953,"Lamb, fillet, lean, grilled, no added fat","Lamb from the midsection of the carcase. Lean muscle meat only, with all possible internal and external separable fat removed. Grilled for 6 minutes.",671,27.5,5.5,2.63,0,0,75
F004956,"Lamb, fillet, untrimmed, raw","Raw lamb from the midsection of the carcase. Lean muscle meat only, with all internal and external separable fat.",584,19.3,6.9,3.13,0,0,66
F004955,"Lamb, fillet, untrimmed, grilled, no added fat","Cooked lamb from the midsection of the carcase. Lean muscle meat only, with all internal and external separable fat. Grilled for 6 minutes.",707,27.2,6.6,3.14,0,0,74
F005095,"Lamb, steak, boneless, lean, raw","Raw lamb from the hind portion of the carcase. Lean muscle meat only, with all possible internal and external separable fat removed.",546,21.9,4.7,1.52,0,0,63
F005094,"Lamb, steak, boneless, lean, grilled, no added fat","Raw lamb from the hind portion of the carcase. Lean muscle meat only, with all possible internal and external separable fat removed.",769,30.8,6.6,2.15,0,0,75
F005099,"Lamb, steak, boneless, untrimmed, raw",Raw lamb from the hind portion of the carcase. Lean muscle meat with internal and external fat attached.,782,20.4,11.8,4.76,0,0,58
F005098,"Lamb, steak, boneless, untrimmed, grilled, no added fat",Cooked lamb from the hind portion of the carcase. Oven baked to an internal temperature of 70 degrees celsius with no added fat. Lean muscle meat with internal and external fat attached.,937,29.2,11.9,4.7,0,0,70
F005139,"Lamb, with bone, shin, lean, raw","Raw lamb shank or drumstick, from the fore and hind portions of the carcase. Lean muscle meat only, with all possible internal and external separable fat removed.",477,23.9,1.9,0.82,0,0,110
F005138,"Lamb, with bone, shin, lean, casseroled, no added fat","Cooked lamb shank or drumstick, from the fore and hind portions of the carcase. Lean muscle meat only, with all possible internal and external separable fat removed.        
",755,34.6,4.5,2,0,0,83
F005143,"Lamb, with bone, shin, untrimmed, raw",Raw lamb from the fore and hind portions of the carcase. Lean muscle meat with internal and external fat attached.,785,21.7,11.2,5,0,0,95
F005142,"Lamb, with bone, shin, untrimmed, casseroled, no added fat",Cooked lamb from the fore and hind portions of the carcase.  Casseroled with no added fat. Lean muscle meat with internal and external fat attached.,965,32,11.4,5.2,0,0,75
F005977,"Mutton, all cuts, separable fat, raw",Raw mutton fat from various regions of the carcase. Internal and external separable fat only.,"2,522",8.2,64.4,28.61,0,0,33
F005976,"Mutton, all cuts, separable fat, cooked","Cooked mutton fat from various regions of the carcase. Oven baked or casseroled as purchased, still attached to the lean muscle meat, with no added fat to an internal temperature of 70 degrees celsius or for 2 hours, then dissected.","2,694",10.7,67.9,28.4,0,0,64
F005979,"Mutton, boneless dice or strips, shoulder, lean, raw","Raw mutton from the fore portion (shoulder) of the carcase. Lean muscle meat only, with all possible internal and external separable fat removed.",518,21.3,4.2,1.57,0,0,61
F005978,"Mutton, boneless dice or strips, shoulder, lean, casseroled, no added fat","Cooked lamb from the fore portion (shoulder) of the carcase. Browned, simmered in minimal water for 2 hours then drained. Lean muscle meat only, with all possible internal and external separable fat removed after cooking.","1,041",36.4,11.4,3.92,0,0,66
F005983,"Mutton, boneless dice or strips, shoulder, untrimmed, raw",Raw mutton from the fore portion (shoulder) of the carcase. Lean muscle meat with internal and external fat attached.,716,20,10.2,4.25,0,0,58
F005982,"Mutton, boneless dice or strips, shoulder, untrimmed, casseroled, no added fat","Raw mutton from the fore portion (shoulder) of the carcase. Browned, simmered in minimal water for 2 hours then drained. Lean muscle meat with internal and external fat attached.","1,137",34.9,14.7,5.36,0,0,66
F005997,"Mutton, roasting piece, with bone, leg, lean, raw ","Raw mutton. Lean muscle meat only, with all possible internal and external separable fat removed.",509,21.6,3.8,1.33,0,0,80
F005998,"Mutton, roasting piece, with bone, leg, lean, roasted, no added fat ","Cooked mutton. Lean muscle meat only, with all possible internal and external separable fat removed.",792,29.8,7.7,2.72,0,0,56
F006001,"Mutton, roasting piece, with bone, leg, untrimmed, raw",Raw mutton from the hind portion of the carcase. Lean muscle meat with internal and external fat attached.,811,19.6,12.9,5.41,0,0,73
F006002,"Mutton, roasting piece, with bone, leg, untrimmed, roasted, no added fat",Cooked mutton from the hind portion of the carcase. Oven baked to an internal temperature of 70 degrees celsius with no added fat. Lean muscle meat with internal and external fat attached.,"1,092",26.8,17.2,6.78,0,0,57
F001920,"Buffalo, riverine, cube roll, raw",Uncooked meat from the forequarter of a pasture-fed riverine buffalo.,650,23.9,6.6,3.7,0,0,56
F001921,"Buffalo, riverine, topside, raw",Uncooked meat from the hindquarter of a pasture-fed riverine buffalo.,496,24.4,2.2,1.06,0,0,56
F001922,"Buffalo, swamp, cube roll, raw",Uncooked meat from the forequarter of a pasture-fed swamp buffalo.,507,24.4,2.5,1.04,0,0,45
F001923,"Buffalo, swamp, topside, raw",Uncooked meat from the hindquarter of a pasture-fed swamp buffalo.,448,24.6,0.8,0.33,0,0,41
F002205,"Camel, cube roll, raw",Uncooked meat from the forequarter of a camel.,630,20.3,7.7,4.37,0,0,46
F002206,"Camel, rump, raw",Uncooked meat from the hindquarter of a camel.,475,21.4,3,1.31,0,0,52
F009789,"Camel, steak, as purchased, raw","Uncooked camel meat without the removal of separable fat. Includes rump, cube roll, fillet and diced cuts.",514,20.8,4.3,2.2,0,0,53
F009829,"Camel, steak, as purchased, fried, no added fat","Cooked camel steak as purchased, without the removal of separable fat, fried without added fat. Includes rump, cube roll, fillet and diced cuts.",790,32,6.7,3.39,0,0,69
F003645,"Dugong, flesh, cooked, no added fat","Raw flesh from a large marine mammal with dark brown-grey skin and a large horse shoe-shaped upper lip. The flesh is fatty and dark red in colour, similar in appearance to red meat such as beef. Traditionally cooked in a ground oven using hot stones.",650,29.9,3.8,0.63,0,0,50
F004230,"Goat, all cuts, separable fat, raw ","Raw internal and external separable fat from 3 different portions (forequarter, loin and leg) of the carcase.","1,855",12.2,44.6,24.28,0,0,45
F004229,"Goat, all cuts, separable fat, baked, no added fat","Separable fat from various parts of the goat carcase, roasted.","2,556",10,64.5,32.7,0,0,40
F004233,"Goat, forequarter, lean, raw ","Raw meat from the fore portion of the carcase. Lean muscle meat only, with all possible internal and external separable fat removed.",432,21.6,1.8,0.75,0,0,74
F004232,"Goat, forequarter, lean, baked, no added fat ","Cooked meat from the forequarter portion of the carcase, with all internal and external fat removed.",676,30.8,4.2,1.65,0,0,74
F004235,"Goat, leg, lean, raw","Uncooked meat from the hind portion of the carcase, with all internal and external fat removed.",456,22.2,2.1,1.02,0,0,64
F004234,"Goat, leg, lean, baked, no added fat","Meat from the hind portion of the carcase, with all internal and external fat removed, roasted.",695,33.8,3.2,1.46,0,0,60
F004237,"Goat, loin, lean, raw","Uncooked meat from the loin of carcase, with all possible internal and external separable fat removed.",432,22.2,1.4,0.59,0,0,76
F004236,"Goat, loin, lean, baked, no added fat","Meat from the loin of the carcase, with all internal and external fat removed, roasted.",612,29.2,3.1,1.46,0,0,84
F007601,"Rabbit, farmed, whole, raw","Uncooked meat from whole farmed rabbit carcase, offal and bone removed.",472,23.2,2.1,0.77,0,0,53
F007602,"Rabbit, flesh, casseroled, no added fat","Flesh portion without offal or skin. Small amounts of external fat may remain but large deposits around organs were removed. Casseroled or poached with water, then drained with no added fat.",713,29.3,5.7,2.09,0.2,0.2,56
F009465,"Venison, leg medallion, lean, raw",Raw venison from the hind portion of the carcase.,457,23.5,1.5,0.65,0,0,49
F009467,"Venison, mince, premium, raw",Raw minced venison from trim and whole muscles.,465,21,2.9,1.57,0,0,71
F009466,"Venison, mince, premium, baked, roasted, fried, stir-fried, grilled or BBQ'd, no added fat",Minced venison from trim and whole muscles. Cooked without added fat.,644,29.8,3.7,1.98,0,0,101
F004298,"Ham steak, raw","Raw pork from the leg of the carcase that has been cured with water and a mixture of salt, sugar, mineral salts, antioxidant and sodium nitrite, then smoked.",461,14.4,4.5,1.72,2.9,0.4,"1,148"
F004297,"Ham, steak, grilled, no added fat","Pork from the leg of the carcase that has been cured with water and a mixture of salt, sugar, mineral salts, antioxidant and sodium nitrite, then smoked. Cooked without added fat. ",681,19.4,7.8,2.91,3.7,0.8,"1,400"
F006862,"Pork, belly, rind removed, raw",Raw pork from the belly of the carcase. Internal and external fat attached.,"1,286",18.6,26.2,9.51,0,0,58
F006860,"Pork, belly, rind removed, baked, no added fat",Cooked pork from the belly of the carcase. Internal and external fat attached.,"1,606",27.4,30.8,11.19,0,0,68
F006880,"Pork, crackling, roasted, salted","Skin and adhering fat from pork meat, cooked by roasting after rubbing with salt.","2,786",8.9,71.2,27.02,0,0,29
F006883,"Pork, diced, untrimmed, raw","Raw lean pork, either diced or in strips.",502,22.8,3.1,1.02,0,0,59
F006881,"Pork, diced, untrimmed, fried, no added fat","Cooked lean pork, either diced or in strips.",647,31.3,3.1,1.02,0,0,90
F007128,"Pork, strips, untrimmed, raw","Raw lean pork strips, as purchased, likely to be from leg or shoulder steak.",466,22.4,2.3,0.75,0,0,46
F007127,"Pork, strips, untrimmed, fried, no added fat","Cooked lean pork strips, as purchased, likely to be from leg or shoulder steak. Fried to an internal temperature of 75 degrees celsius with a small amount of pork fat.",623,31.2,2.5,0.82,0,0,58
F006906,"Pork, forequarter (chop, roast, neck), separable fat, raw","Raw internal and external fat from 3 cuts (chop, roast and neck) of pork from the forequarter of the carcase.","2,042",9.6,50.8,19.51,0,0,47
F006940,"Pork, forequarter, separable fat, BBQ'd, no added fat","Cooked internal and external fat from 3 cuts (chop, roast and neck) of pork from the forequarter of the carcase. Barbecued or baked, as purchased, with no added fat, then dissected.","2,179",11.5,53.6,20.43,0,0,86
F006922,"Pork, forequarter chop, lean, raw","Raw lean muscle meat from the forequarter of the carcase, with all possible internal and external separable fat removed.",476,19.5,3.9,1.42,0,0,73
F006921,"Pork, forequarter chop, lean, BBQ'd, no added fat",Cooked pork from the forequarter of the carcase. Barbequed with no added fat. All possible internal and external separable fat removed after cooking.,680,26.3,6.3,2.41,0,0,73
F006910,"Pork, forequarter chop, untrimmed, raw","Raw pork from the forequarter of the carcase, as purchased without removal of internal and external fat.",785,17.5,13.2,5,0,0,68
F006908,"Pork, forequarter chop, untrimmed, BBQ'd, no added fat","Cooked pork from the forequarter of the carcase, as purchased without removal of internal and external fat. Barbequed with no added fat.",988,23.3,16,6.1,0,0,76
F007016,"Pork, loin chop, separable fat, raw",Raw internal and external separable fat from the lumbar part of loin.,"2,694",7.9,69.2,27.29,0,0,24
F007015,"Pork, loin chop, separable fat, BBQ'd, no added fat",Cooked internal and external separable fat from the lumbar part of loin. Barbequed with no added fat.,"2,765",8.8,70.7,27.88,0,0,33
F007019,"Pork, loin chop, lean, raw","Raw lean muscle meat from the loin portion of the carcase, with all possible internal and external separable fat removed.",461,23.2,1.8,0.62,0,0,52
F007017,"Pork, loin chop, lean, BBQ'd, no added fat","Lean muscle meat from the loin of carcase, with all possible internal and external separable fat removed. Cooked with no added fat or oil.        
",687,30.6,4.5,1.56,0,0,58
F006993,"Pork, loin chop, untrimmed, raw","Raw pork from the lumbar part of loin, as purchased without removal of internal and external separable fat.",705,21.5,9.2,3.53,0,0,49
F006991,"Pork, loin chop, untrimmed, BBQ'd, no added fat","Cooked pork from the lumbar part of loin, as purchased without removal of internal and external separable fat. Barbequed with no added fat.",930,28,12.2,4.64,0,0,55
F007028,"Pork, loin cutlet, untrimmed, raw","Raw pork from the midsection of the carcase, as purchased without removal of internal and external fat.",843,21,13.1,4.6,0,0,42
F007027,"Pork, loin cutlet, untrimmed, fried, no added fat","Cooked pork from the midsection of the carcase, as purchased without removal of internal and external fat. Fried with no added fat.","1,240",30.9,19.3,6.77,0,0,61
F007057,"Pork, mince, untrimmed, raw","Raw lean pork mince, as purchased, likely to be from leg or shoulder.",748,20.9,10.6,4,0,0,58
F007055,"Pork, mince, as purchased, fried, no added fat","Cooked pork mince, as purchased, likely to be from leg or shoulder. ",929,25.9,13.2,4.98,0,0,59
F006875,"Pork, butterfly steak, lean, raw","Raw lean muscle meat from the midsection of the carcase, with all possible internal and external separable fat removed.",469,24.1,1.6,0.54,0,0,46
F006874,"Pork, butterfly steak, lean, grilled, no added fat","Cooked pork from the midsection of the carcase. Grilled, as purchased, for 9 minutes without added fat. All possible internal and external separable fat removed after cooking.",656,32.5,2.8,1.07,0,0,46
F006866,"Pork, butterfly steak, untrimmed, raw","Raw pork from the midsection of the carcase, as purchased without removal of internal and external separable fat.",643,22.7,7,2.43,0,0,44
F006864,"Pork, butterfly steak, untrimmed, grilled, no added fat","Cooked pork from the midsection of the carcase, as purchased, without removal of internal and external separable fat. Grilled, as purchased, for 9 minutes without added fat.",825,30.6,8.2,3.21,0,0,45
F007046,"Pork, medallion or loin steak, separable fat, raw",Raw internal and external separable fat from the midsection of the carcase.,"2,642",6.3,68.5,24.09,0,0,22
F007045,"Pork, medallion or loin steak, separable fat, fried, no added fat","Cooked internal and external separable fat from the midsection of the carcase. Fried, as purchased, to an internal temperature of 70 degrees celsius with a small of pork fat, then dissected.","2,307",14.9,55.5,19.52,0,0,47
F007049,"Pork, medallion or loin steak, lean, raw","Raw lean muscle meat from the midsection of the carcase, with all possible internal and external separable fat removed.",469,24.1,1.6,0.54,0,0,46
F007048,"Pork, medallion or loin steak, lean, fried, no added fat","Cooked pork from the midsection of the carcase. Fried, as purchased, to an internal temperature of 70 degrees celsius with a small of pork fat. All possible internal and external separable fat removed after cooking.",631,29.5,3.5,1.19,0,0,52
F007043,"Pork, medallion or loin steak, untrimmed, raw","Raw pork from the midsection of the carcase, as purchased without removal of internal and external fat.",615,22.9,6.1,2.12,0,0,44
F007042,"Pork, medallion or loin steak, untrimmed, fried, no added fat","Cooked pork from the midsection of the carcase, as purchased without removal of internal and external fat. Fried with no added fat.",891,33.2,8.8,3.08,0,0,58
F006965,"Pork, leg steak (rump), separable fat, raw",Raw internal and external separable fat from 1 cut (rump) of pork from the hind portion of the carcase.,"2,603",8.6,66.4,23.86,0,0,23
F007085,"Pork, rump steak, lean, raw","Raw lean muscle meat from the hind portion of the carcase, with all possible internal and external separable fat removed.",508,25.3,2.1,0.7,0,0,50
F007084,"Pork, rump steak, lean, fried, no added fat",Cooked lean muscle meat from the hind portion of the carcase. Fried to an internal temperature of 70 degrees celsius with a small amount of pork fat. All possible internal and external separable fat removed.,627,28.6,3.8,1.26,0,0,52
F007082,"Pork, rump steak, untrimmed, raw","Raw pork from the hind portion of the carcase, as purchased with no internal and external separable fat removed.",568,24.8,4,1.37,0,0,49
F007081,"Pork, rump steak, untrimmed, fried, no added fat","Cooked pork from the hind portion of the carcase, as purchased with no internal and external separable fat removed. Fried with no added fat.",836,36.5,5.8,2.01,0,0,65
F006899,"Pork, fillet, lean, raw","Raw lean pork from the loin portion of the carcase, as purchased with no separable fat.",433,23.1,1.1,0.38,0,0,42
F006892,"Pork, fillet, fully-trimmed, baked, no added fat","Cooked lean pork from the loin region of the carcase. Oven baked, as purchased with no separable fat, at 180 degrees celsius to an internal temperature of 70 degrees celsius with no added fat.",566,28.5,2.2,0.76,0,0,44
F006933,"Pork, forequarter shoulder roast, lean, raw","Raw lean muscle meat from the forequarter of the carcase, with all possible internal and external separable fat removed.",447,19.6,3.1,1.13,0,0,75
F006932,"Pork, forequarter shoulder roast, lean, BBQ'd, no added fat","Cooked pork from the forequarter of the carcase. Barbequed as purchased, for 75 minutes with no added fat. All possible internal and external separable fat removed after cooking.",658,24.8,6.4,2.45,0,0,76
F006929,"Pork, forequarter shoulder roast, untrimmed, raw","Raw pork from the forequarter of the carcase, as purchased without removal of internal and external fat.",762,17.6,12.5,4.76,0,0,69
F006927,"Pork, forequarter shoulder roast, untrimmed, BBQ'd, no added fat","Cooked pork from the forequarter of the carcase, as purchased without removal of internal and external separable fat. Barbequed as purchased, for 75 minutes with no added fat.",901,22.6,14,5.32,0,0,78
F006953,"Pork, leg roast, untrimmed, raw","Raw pork from the hind portion of the carcase, as purchased without the removal of internal and external separable fat.",685,21.6,8.6,3.05,0,0,48
F006951,"Pork, leg roast, untrimmed, baked, no added fat",Cooked pork from the hind portion of the carcase. Oven baked at 180 degrees celsius to an  internal temperature of 75 degrees celsius with no added fat.,926,31.2,10.7,3.76,0,0,54
F007035,"Pork, loin roast, separable fat, raw",Raw internal and external separable fat from the midsection of the carcase.,"2,941",5.2,77.1,29.02,0,0,27
F007034,"Pork, loin roast, separable fat, baked, no added fat","Cooked internal and external separable fat from the midsection of the carcase. Oven baked, as purchased, at 180 degrees celsius to an internal temperature of 75 degrees celsius, then dissected.","2,629",8.8,67,25.22,0,0,40
F007037,"Pork, loin roast, lean, raw","Raw lean muscle meat from the midsection of the carcase, with all possible internal and external separable fat removed.",478,23.3,2.2,0.75,0,0,52
F007036,"Pork, loin roast, lean, baked, no added fat",Cooked pork from the midsection of the carcase. Oven baked at 180 degrees celsius to an internal temperature of 75 degrees celsius with no added fat. All possible internal and external separable fat removed after cooking.,860,31.9,8.6,2.93,0,0,57
F007030,"Pork, loin roast, untrimmed, raw","Raw pork from the midsection of the carcase, as purchased without removal of internal and external fat.",943,19.9,16.4,6.1,0,0,47
F007029,"Pork, loin roast, untrimmed, baked, no added fat","Cooked pork from the midsection of the carcase, as purchased without removal of internal and external fat. Oven baked at 180 degrees celsius to an internal temperature of 75 degrees celsius with no added fat","1,093",28.8,16.3,5.87,0,0,55
F007074,"Pork, round mini roast, separable fat, raw",Raw internal and external fat from the hind portion of the carcase.,"1,842",11.3,44.6,16.02,0,0,38
F007073,"Pork, round mini roast, separable fat, baked, no added fat","Cooked internal and external separable fat from the hind portion of the carcase. Oven baked, as purchased, at 180 degrees celsius to an internal temperature of 75 degrees celsius, then dissected.","1,961",16.3,45.5,16.35,0,0,54
F007077,"Pork, round mini roast, lean, raw","Raw lean muscle meat from the hind portion of the carcase, with all possible internal and external separable fat removed.",444,23.7,1.1,0.35,0,0,50
F007076,"Pork, round mini roast, lean, baked, no added fat",Cooked pork from the hind portion of the carcase. Oven baked at 180 degrees celsius to an internal temperature of 75 degrees celsius with no added fat. All possible internal and external separable fat removed after cooking.,682,34.7,2.5,0.79,0,0,54
F007092,"Pork, scotch roast, separable fat, raw",Raw internal and external separable fat from the forequarter of the carcase.,"2,124",10.7,52.5,22.16,0,0,30
F007091,"Pork, scotch roast, separable fat, baked, no added fat","Cooked internal and external separable fat from the forequarter of the carcase. Oven baked, as purchased, at 180 degrees celsius to an internal temperature of 70 degrees celsius, then dissected.","2,076",12.2,50.5,21.32,0,0,41
F007094,"Pork, scotch roast, lean, raw","Raw lean muscle meat from the forequarter of the carcase, with all possible internal and external separable fat removed.",631,20.6,7.6,2.68,0,0,49
F007093,"Pork, scotch roast, lean, baked, no added fat","Cooked pork from the forequarter of the carcase. Oven roasted, as purchased, at 180 degrees celsius to an internal temperature of 70 degrees celsius with no added fat. All possible internal and external separable fat removed after cooking.",964,30.6,12,4.23,0,0,57
F007089,"Pork, scotch roast, untrimmed, raw","Raw pork from the forequarter of the carcase, as purchased without removal of internal and external fat.",893,18.9,15.4,6.09,0,0,46
F007087,"Pork, scotch roast, untrimmed, baked, no added fat","Cooked pork from the forequarter of the carcase, as purchased without removal of internal and external separable fat. Oven roasted at 180 degrees celsius to an internal temperature of 70 degrees celsius with no added fat.","1,024",29.6,14.1,5.15,0,0,56
F007117,"Pork, spare ribs, untrimmed, raw","Raw pork from the rib, as purchased without removal of internal and external fat.","1,198",18.1,24,9.42,0,0,43
F007113,"Pork, spare ribs, untrimmed, baked, no added fat","Pork from the rib, as purchased without removal of internal and external fat. Baked with no added fat.","1,663",27.4,32.4,12.68,0,0,54
F002769,"Chicken, separable fat, composite, raw",Fat able to be separated from the flesh and skin prior to cooking.,"2,392",5.1,62.3,18.96,0,0,22
F002767,"Chicken, separable fat, composite, baked or roasted, no added fat",Fat able to be separated from the flesh and skin of chicken after baking or roasting.,"1,891",9.8,46.6,14.71,0,0,51
F002768,"Chicken, separable fat, composite, cooked, no added fat","Fat from a fresh chicken, cooked in a casserole dish with added water.","2,899",6.2,75.5,22.98,0,0,19
F002773,"Chicken, skin, composite, raw",Raw skin separated from the flesh of chicken prior to cooking.,"1,515",12.7,35.1,10.75,0,0,43
F002771,"Chicken, skin, composite, baked, no added fat","Baked skin, separated from the flesh of chicken after baking.","1,818",22.3,38.9,11.84,0,0,78
F002772,"Chicken, skin, composite, casseroled, no added fat","Skin of chicken, cooked in a casserole dish with added water.","1,742",18,38.8,11.44,0,0,51
F002568,"Chicken, barbecued, with skin","Whole chicken with skin, cooked in a commercial rotisserie oven. Chicken is generally rubbed with oil, spices and salt. Does not include stuffing.",806,27.5,8.9,2.47,0,0,430
F002594,"Chicken, breast, lean flesh, raw","Raw flesh from breast portion of the chicken, with the skin and fat removed.",412,22.5,0.8,0.25,0,0,48
F002590,"Chicken, breast, lean flesh, baked, no added fat","Flesh from breast portion of the chicken, with the skin and fat removed. Baked with no added fat.",637,29,3.9,1.25,0,0,46
F002593,"Chicken, breast, lean flesh, grilled, no added fat","Flesh from breast portion of the chicken, with the skin and fat removed. Grilled with no added fat.",598,29.8,2.5,0.82,0,0,43
F002592,"Chicken, breast, lean flesh, fried, no added fat","Flesh from breast portion of the chicken, with the skin and fat removed. Cut into thin strips and fried with no added fat.",663,34.5,1.8,0.55,0.7,0.7,55
F002591,"Chicken, breast, lean flesh, casseroled, no added fat","Flesh from breast portion of the chicken, with the skin and fat removed. Casseroled with added water then drained, no added fat.",596,27,3.7,1.2,0,0,41
F002597,"Chicken, breast, lean flesh, skin & fat, raw","Raw flesh, skin and fat from breast portion of a chicken.",666,20.2,8.7,2.66,0,0,46
F002595,"Chicken, breast, lean flesh, skin & fat, baked, no added fat","Flesh, skin and fat from the breast portion of a chicken. Baked with no added fat.",808,27.8,9.1,2.82,0,0,48
F002647,"Chicken, drumstick, lean flesh, raw","Uncooked flesh from drumstick portion of a chicken, with the skin and fat removed.",492,18.5,4.8,1.4,0,0,71
F002645,"Chicken, drumstick, lean flesh, baked, no added fat","Flesh from drumstick portion of a chicken, with the skin and fat removed. Baked with no added fat.",830,29.9,8.5,2.54,0.4,0.4,120
F002646,"Chicken, drumstick, lean flesh, casseroled, no added fat","Flesh from drumstick portion of a chicken, with the skin and fat removed. Casseroled with added water then drained, no added fat.",730,28.6,6.6,2.15,0,0,74
F002650,"Chicken, drumstick, lean flesh, skin & fat, raw","Uncooked flesh, skin and fat from the drumstick portion of a chicken.",645,17.6,9.3,2.8,0,0,67
F002648,"Chicken, drumstick, lean flesh, skin & fat, baked, no added fat","Flesh, skin and fat from drumstick portion of a chicken. Baked with no added fat.",994,28.5,13.6,4.09,0.3,0.3,113
F002649,"Chicken, drumstick, lean flesh, skin & fat, casseroled, no added fat","Flesh, skin and fat from drumstick portion of a chicken. Casseroled with added water then drained, no added fat.",889,26.9,11.6,3.62,0,0,70
F002739,"Chicken, mince, raw",Raw chicken mince likely to be from the breast and thigh portion of a chicken.,404,21.4,1.1,0.31,0,0,49
F009831,"Chicken, mince, fried, no added fat",Chicken mince likely to be from the breast and thigh portion of a chicken. Fried with no added fat.,532,28.1,1.4,0.41,0,0,52
F002806,"Chicken, thigh, lean flesh, raw","Uncooked flesh from the thigh portion of a chicken, with skin and fat removed.",436,19.1,3,0.86,0,0,64
F002804,"Chicken, thigh, lean flesh, baked, no added fat","Flesh from thigh portion of a chicken, with skin and fat removed. Baked with no added fat.",733,24.2,8.7,2.69,0,0,76
F002805,"Chicken, thigh, lean flesh, casseroled, no added fat","Flesh from thigh portion of a chicken, with skin and fat removed. Casseroled with added water, then drained, no added fat.",810,26.3,9.8,3.05,0,0,62
F009806,"Chicken, thigh, lean flesh, fried, no added fat","Flesh from the thigh portion of a chicken, with skin and fat removed. Fried with no added fat.",662,27.6,5.2,1.7,0,0,84
F002809,"Chicken, thigh, lean flesh, skin & fat, raw","Uncooked flesh, skin and fat from the thigh portion of a chicken.",898,16,16.9,5.12,0,0,54
F002807,"Chicken, thigh, lean flesh, skin & fat, baked, no added fat","Flesh, skin and fat from the thigh portion of a chicken. Baked with no added fat.",987,23.1,16.1,4.93,0,0,74
F002808,"Chicken, thigh, lean flesh, skin & fat, casseroled, no added fat","Flesh, skin and fat from the thigh portion of a chicken. Casseroled with added water, then drained, no added fat.","1,044",24.1,17.1,5.2,0,0,58
F002849,"Chicken, wing, lean flesh, raw","Uncooked flesh from wing portion of a chicken, with skin and fat removed.",470,18.7,4.1,1.24,0,0,66
F002847,"Chicken, wing, lean flesh, baked, no added fat","Flesh from wing portion of a chicken, with skin and fat removed. Baked with no added fat.",810,30.9,7.7,2.35,0,0,84
F002848,"Chicken, wing, lean flesh, casseroled, no added fat","Flesh from wing portion of a chicken, with skin and fat removed. Casseroled with added water, then drained, no added fat.",800,27.9,8.8,2.74,0,0,70
F002852,"Chicken, wing, lean flesh, skin & fat, raw","Uncooked flesh, skin and fat from the wing portion of a chicken.",917,16.1,17.4,5.32,0,0,56
F002850,"Chicken, wing, lean flesh, skin & fat, baked, no added fat","Flesh, skin and fat from the wing portion of a chicken. Baked with no added fat.","1,116",28.2,17.2,5.24,0,0,81
F002851,"Chicken, wing, lean flesh, skin & fat, casseroled, no added fat","Flesh, skin and fat from the wing portion of a chicken. Casseroled with added water, then drained, no added fat.","1,085",24.9,17.9,5.39,0,0,64
F009307,"Turkey, breast, lean flesh, raw","Uncooked flesh from the breast portion of a turkey, with skin and fat removed.",490,21.6,3.3,0.89,0,0,240
F009306,"Turkey, breast, lean flesh, baked, no added fat","Flesh from the breast portion of a turkey, with skin and fat removed. Baked with no added fat.",648,29.4,4,1.08,0,0,210
F009309,"Turkey, breast, lean flesh, skin & fat, raw","Uncooked flesh, skin and fat from the breast portion of a turkey.",663,20.4,8.5,2.39,0,0,217
F009308,"Turkey, breast, lean flesh, skin & fat, baked, no added fat","Flesh, skin and fat from the breast portion of a turkey. Baked with no added fat.",809,27.7,9.2,2.56,0,0,199
F009320,"Turkey, hindquarter, lean flesh, raw","Uncooked flesh from the hindquarter (thigh and drumstick) portion of a turkey, with skin and fat removed.",510,18.4,5.3,1.82,0,0,260
F009319,"Turkey, hindquarter, lean flesh, baked, no added fat","Flesh from the hindquarter (thigh and drumstick) portion of a turkey, with skin and fat removed. Baked with no added fat.",714,26.8,7,2.41,0,0,170
F009322,"Turkey, hindquarter, lean flesh, skin & fat, raw","Uncooked flesh, skin and fat from the hindquarter (thigh and drumstick) portion of a turkey.",782,18.6,12.6,4.3,0,0,237
F009321,"Turkey, hindquarter, lean flesh, skin & fat, baked, no added fat","Flesh, skin and fat from the hindquarter (thigh and drumstick) portion of a turkey. Baked with no added fat.",911,25.6,12.9,4.4,0,0,165
F003642,"Duck, skin & fat, raw",Uncooked skin and fat from all portions of the duck.,"2,352",9.5,59.2,18.12,0,0,34
F003641,"Duck, skin & fat, baked, no added fat",Skin and fat from all portions of the duck. Baked with no added fat.,"2,016",13.4,48.3,14.79,0,0,60
F009805,"Duck, breast, lean flesh, raw","Uncooked duck breast meat with tendons, skin and fat removed",383,21.2,0.6,0.19,0,0,60
F009819,"Duck, breast, lean, fried, no added fat","Duck breast meat with tendons, skin and fat removed. Fried without the addition of fat.",504,28,0.8,0.25,0,0,63
F003632,"Duck, lean flesh, raw","Uncooked flesh from all portions of the duck, with skin and fat removed.",506,17.8,5.5,1.71,0,0,91
F003631,"Duck, lean flesh, baked, no added fat","Uncooked flesh from all portions of the duck, with skin and fat removed. Baked with no added fat.",511,28.3,0.8,0.25,0,0,64
F003634,"Duck, lean flesh, skin & fat, raw","Uncooked flesh, skin and fat from all portions of the duck.","1,585",13,36.9,11.31,0,0,58
F003633,"Duck, lean flesh, skin & fat, baked, no added fat","Flesh, skin and fat from all portions of the duck. Baked with no added fat.","1,750",17.3,39.4,10.77,0,0,62
F004246,"Goose, flesh, raw",Raw flesh from all portions of a goose. ,616,24.2,4.6,1.36,2,0,90
F004245,"Goose, flesh, cooked, no added fat",Flesh from all portions of a goose. Cooked without added fat. ,849,33.4,6.3,1.88,2.8,0,93
F007570,"Quail, lean flesh & skin, raw",Uncooked flesh and skin from a quail.,722,18.5,11,3.3,0,0,45
F007569,"Quail, lean flesh & skin, baked, no added fat",Flesh and skin portion of a quail. Baked with no added fat.,826,27.7,9.6,2.88,0,0,58
F003776,"Emu, fan fillet, raw",Uncooked meat from emu thigh.,486,24.7,1.8,0.64,0,0,43
F003779,"Emu, steak, as purchased, raw",Uncooked meat from an unspecified portion of an emu.,490,23.4,2.5,0.73,0,0,50
F003778,"Emu, steak, as purchased, fried, no added fat",Pan-fried emu steak as purchased with no added fat,644,30.8,3.3,0.96,0,0,53
F003646,"Dugong, flesh, raw","Raw flesh from a large marine mammal with dark brown-grey skin and a large horse shoe-shaped upper lip. The flesh is fatty and dark red in colour, similar in appearance to red meat such as beef. ",526,24.2,3.1,0.51,0,0,48
F004228,"Goanna, flesh, cooked","Flesh of a lizard of the genus Varanus, often large and dark skinned, with white oily flesh. Traditionally cooked whole in the ashes of a fire or over hot coals.",695,31.3,4.4,1.1,0,0,190
F004787,"Kangaroo, loin fillet, raw","Uncooked flesh from the loin region of kangaroo, with all skin removed.",397,21.4,0.9,0.26,0,0,40
F004786,"Kangaroo, loin fillet, grilled, no added fat","Flesh from the loin portion of kangaroo, with all skin removed. Baked with no added fat.",556,30.1,1.2,0.38,0,0,44
F004790,"Kangaroo, rump, raw","Uncooked flesh from the rump portion of an adult kangaroo, with all skin removed.",373,20.3,0.8,0.22,0,0,47
F004789,"Kangaroo, rump, baked, no added fat","Flesh from the rump portion of kangaroo, with all skin removed. Baked with no added fat.",669,33.9,2.5,0.93,0,0,51
F004793,"Kangaroo, tail, raw","Uncooked flesh from the tail portion of an adult small red kangaroo, with all skin removed.",381,20,1.1,0.29,0,0,140
F004792,"Kangaroo, tail, cooked, no added fat","Flesh from the tail portion of an adult small red kangaroo, with all skin removed. Cooked with no added fat.",464,24.4,1.3,0.36,0,0,145
F006282,"Ostrich, fan fillet, raw",Uncooked meat from ostrich thigh.,424,23.4,0.7,0.22,0,0,53
F006283,"Ostrich, moon steak, raw",Uncooked meat from ostrich outer thigh muscle.,455,23.7,1.4,0.46,0,0,52
F006698,"Pigeon (squab), whole, raw","Uncooked meat from whole pigeon carcase, offal and bone removed.","1,219",16.2,25.5,6.84,0,0,68
F010381,"Pigeon (squab), meat, cooked","Cooked meat from whole pigeon carcase, offal and bone removed.","1,681",22.3,35.2,9.44,0,0,75
F003299,"Crocodile, back leg, raw",Uncooked meat from the back leg of a crocodile.,455,22,2.2,0.64,0,0,70
F003301,"Crocodile, tail fillet, raw",Uncooked meat from the tail of a crocodile.,442,22.5,1.6,0.47,0,0,51
F009793,"Crocodile, steak, as purchased, raw",Raw muscle meat from a crocodile. Cuts are typically from the tail or loin.,406,20.6,1.5,0.38,0,0,53
F009817,"Crocodile, steak, as purchased, fried, no added fat",Cooked meat from the tail and loin cut of a crocodile. Fried with no added fat. ,677,34.4,2.5,0.64,0,0,88
F000606,"Beef, heart, raw","Raw, lean heart muscle tissue from a cow. Trimmed of fat and vessels. ",420,18.2,3,1.15,0,0,91
F000607,"Beef, heart, simmered or boiled, no added fat","Lean heart muscle tissue from a cow. Trimmed of fat and vessels, then chopped and cooked.",627,31.2,2.6,1,0,0,89
F000617,"Beef, kidney, raw",Raw kidney tissue from a cow. Trimmed of fat and core.,369,18.2,1.6,0.62,0,0,160
F000618,"Beef, kidney, simmered or boiled, no added fat","Kidney tissue from a cow. Trimmed of fat and core, then diced and cooked.",566,27.4,2.7,1.04,0,0,110
F000619,"Beef, liver, raw",Raw liver tissue from a cow. Trimmed of large vessels.,704,20,8.6,2.82,2.7,0,78
F000620,"Beef, liver, simmered or boiled, no added fat","Liver tissue from a cow. Trimmed of large vessels, then chopped and cooked. ",922,26.2,11.7,3.84,2.6,0,70
F000936,"Beef, tail, raw",Raw tail from a cow with the bone removed.,"1,287",17.4,26.8,10.27,0,0,82
F000937,"Beef, tail, simmered or boiled, no added fat","Tail from a cow with the bone removed, then cooked.","1,453",21.7,29.3,11.23,0,0,53
F000955,"Beef, tongue, raw","Raw tongue, including flesh and skin, from a cow. Trimmed of gristle and cartilage. ",833,17.2,14.6,6.86,0,0,79
F000956,"Beef, tongue, simmered or boiled, no added fat","Tongue, including flesh and skin, from a cow. Trimmed of gristle and cartilage, halved, cooked and then skinned.","1,289",21.2,25.1,11.78,0,0,78
F000987,"Beef, tripe, raw","The edible lining from the first three of a cow's four stomachs, the rumen (blanket/flat/smooth tripe), the reticulum (honeycomb and pocket tripe), and the omasum (book/bible/leaf tripe). Generally sold bleached so that it is white in colour.",302,13.2,2.1,0.93,0,0,100
F000988,"Beef, tripe, simmered or boiled, no added fat","The edible lining from the first three of a cow's four stomachs, the rumen (blanket/flat/smooth tripe), the reticulum (honeycomb and pocket tripe), and the omasum (book/bible/leaf tripe). Generally sold bleached so that it is white in colour. The tripe is then chopped and cooked. ",348,14.4,2.8,1.24,0,0,72
F001265,"Black pudding, raw","A type of sausage made from ingredients including meat, blood and cereal.","1,129",16.6,19.6,6.81,6.4,0.6,670
F002670,"Chicken, feet, boiled, no added fat","The foot portion of a chicken. Cooked, typically by boiling, with or without added fat.",870,19.4,14.6,4.42,0,0,67
F002709,"Chicken, liver, raw",Raw liver of chicken trimmed of external fat and large vessels.,466,16.9,4.8,1.56,0,0,66
F004847,"Lamb, brain, raw",Raw brain tissue from a lamb. Trimmed of membrane.,505,12.3,8,2.22,0,0,120
F004848,"Lamb, brain, simmered or boiled, no added fat","Brain tissue from a lamb. Trimmed of membrane, then cooked. ",565,12.8,9.4,2.61,0,0,110
F004997,"Lamb, heart, raw","Raw, lean heart muscle tissue from a lamb. Trimmed of fat and vessels. ",510,17.8,5.6,2.34,0,0,82
F004996,"Lamb, heart, baked or roasted, no added fat","Lean heart muscle tissue from a lamb. Trimmed of fat and vessels, then cooked. ",770,28.1,7.9,3.3,0,0,73
F005005,"Lamb, kidney, raw",Raw kidney tissue from a lamb. Trimmed of core.,383,17.1,2.5,0.85,0,0,190
F005006,"Lamb, kidney, simmered or boiled, no added fat","Kidney tissue from a lamb. Trimmed of core, then sliced and cooked.",611,26.6,4.3,1.46,0,0,200
F005022,"Lamb, liver, raw",Raw liver tissue from a lamb.,680,21.4,7.5,2.22,2.3,0,67
F005021,"Lamb, liver, grilled, no added fat",Cooked liver tissue from a lamb.,788,21.5,10.2,3.02,2.6,0,73
F005128,"Lamb, tongue, raw","Raw tongue, including flesh and skin, from a lamb. Trimmed of gristle and cartilage. ",834,15.3,15.5,6.02,0,0,82
F005129,"Lamb, tongue, simmered or boiled, no added fat","Tongue, including flesh and skin, from a lamb. Trimmed of gristle and cartilage, then cooked.","1,158",23.7,20.4,7.93,0,0,88
F000228,"Bacon, middle rasher, untrimmed, raw","Cured, smoked and cooked pork middle rasher containing salt, sugar, mineral salts, antioxidant, nitrite and water. All internal and external fat of the rasher maintained.","1,310",15.4,28.2,10.95,0.2,0.2,"1,274"
F000192,"Bacon, middle rasher, lean, raw","Raw rasher of pork from the back and belly of the carcase that has been cured with water and a mixture of salt, sugar, mineral salts, antioxidant and nitrite, then smoked. All internal and external fat removed. ",573,21.3,5.5,2.04,0.4,0.4,"1,450"
F000227,"Bacon, middle rasher, untrimmed, baked, roasted, fried, grilled or BBQ'd, no added fat","Cured, smoked and cooked pork middle rasher containing salt, sugar, mineral salts, antioxidant, nitrite and water. Cooked by baking, roasting, frying, stir-fried, grilling or BBQ'ing without added fat.","1,747",20.6,37.6,14.6,0.3,0.3,"1,528"
F000224,"Bacon, middle rasher, separable lean, fried, no added fat","Cured, smoked and cooked pork middle rasher containing salt, sugar, mineral salts, antioxidant, nitrite and water. All internal and external fat of the rasher removed. Cooked by frying with no added fat.",858,31.2,8.5,3.14,0.8,0.8,"2,200"
F000222,"Bacon, middle rasher, some fat removed, raw","Raw rasher of pork from the back and belly of the carcase that has been cured with water and a mixture of salt, sugar, mineral salts, antioxidant and nitrite, then smoked. Majority of internal and external fat removed. ",982,18,18.1,6.94,0.3,0.3,"1,352"
F000223,"Bacon, middle rasher, separable fat, fried, no added fat","Cured, smoked and cooked pork middle rasher containing salt, sugar, mineral salts, antioxidant, nitrite and water. Fat portion only. Fried with no added fat.","3,205",11.6,81.1,32.07,0.4,0.4,"1,000"
F000231,"Bacon, shortcut, as purchased without rind, fried, no added fat","Cured, smoked and cooked pork shortcut rasher containing salt, sugar, mineral salts, antioxidant, nitrite and water. Fat portion and rind of rasher removed.","1,046",30.4,13.9,5.25,0.9,0.9,"2,000"
F004299,"Ham, leg, lean","Cured leg ham containing pork, starch, salt, mineral salts, sugar, antioxidant, sodium nitrite, spices and water, with all separable fat removed.",463,17,2.5,0.85,2,0.8,"1,250"
F007459,Prosciutto,"A dry-cured ham that is usually thinly sliced. Uncooked, as purchased including the lean and fat portions.","1,224",30.8,18.8,6.68,0.3,0.3,"1,700"
F004025,"Frankfurt, cooked","Frankfurts sold loose and in vacuum packs, simmered in water, then drained. Commonly contains pork, beef (may also contain mutton and veal), cereal, salt, sugar, spices, soy protein, flavours, preservative, sodium nitrite and water.",942,14.3,17,6.39,3.4,0.2,770
F008112,"Sausage, beef, raw","Uncooked sausage (thick or thin) commonly containing minced beef, wheat flour, salt, rice flour, mineral salts, preservative, spices, and water.",988,14.5,18.7,8.67,2.9,0.4,740
F008106,"Sausage, beef, fried, no added fat","Sausage (thick or thin) commonly containing minced beef, wheat flour, salt, rice flour, mineral salts, preservative, spices, and water. Cooked with no added fat.      ","1,032",16.4,18.4,8.66,4,0.4,788
F008107,"Sausage, beef, grilled, no added fat","Sausage (thick or thin) commonly containing minced beef, wheat flour, salt, rice flour, mineral salts, preservative, spices, and water. Sausages pricked and grilled under hot grill, turning frequently for 12 minutes, with no added fat.",915,17.2,14.9,6.99,3.8,0.4,795
F008119,"Sausage, chicken, plain, fried, no added fat","Sausage (thick or thin) commonly containing minced chicken, wheat flour, salt, rice flour, mineral salts, preservative, spices, and water. Cooked with no added fat.",842,18.2,12,3.67,4.9,0.8,736
F008116,"Sausage, chicken, flavoured, fried, no added fat","Sausage (thick or thin) commonly containing minced chicken, wheat flour, salt, rice flour, mineral salts, preservative, spices, and water, with added flavour. Fried with no added fat.",842,18.2,12,3.67,4.9,0.8,844
F008137,"Sausage, lamb, plain, fried, no added fat","Sausage (thick or thin) commonly containing minced lamb, wheat flour, salt, rice flour, mineral salts, preservative, spices, and water. Fried with no added fat.",947,15.6,16.1,7.43,4.9,1.3,"1,050"
F008136,"Sausage, lamb, flavoured, fried, no added fat","Sausage (thick or thin) commonly containing minced lamb, wheat flour, salt, rice flour, mineral salts, preservative, spices, and water with added flavours. Cooked with no added fat.",947,15.6,16.1,7.43,4.9,1.3,770
F008143,"Sausage, pork, fried, no added fat","Sausage (thick or thin) commonly containing pork, wheat flour, salt, rice flour, mineral salts, preservative, hydrolysed vegetable protein, spices and water. Cooked with no added fat.      
","1,084",16.5,19.4,7.87,4.5,0.7,763
F008126,"Sausage, chorizo, uncooked","Uncooked spicy, fermented manufactured meat, served in thin circular slices. Product contains pork and beef, salt, sugar, spices, sodium nitrate and sodium nitrite.","1,184",20.1,22.1,8,1.2,0.8,"1,100"
F008125,"Sausage, chorizo, fried, no added fat","Spicy, fermented manufactured meat. Product contains pork and beef, salt, sugar, spices, sodium nitrate and sodium nitrite. Fried with no added fat.","1,246",21.2,23.3,8.42,1.3,0.8,868
F004777,Kabana or cabanossi,"Processed sausage-style meat product commonly made with pork and other ingredients including seasoning salt, flour/starch, mineral salts, spices, sugar, antioxidant and sodium nitrite in an edible casing. ","1,168",14.9,24.7,10.46,0,0,850
F007814,"Salami, danish","Processed, fermented meat, served in circular slices. Contains pork, beef, salt, sugar, spices, sodium nitrite and sodium nitrate.","1,857",19.6,40.2,13.75,1.2,0.8,"1,485"
F007815,"Salami, hungarian","Processed fermented meat, served in circular slices. Contains pork, beef, salt, glucona delta lactone, spices, dextrose, antioxidant, sodium nitrite, sodium nitrate and sodium polyphosphate.","1,781",21.6,37.4,12.08,0.9,0,"1,730"
F007816,"Salami, mettwurst","Processed fermented meat, served in circular slices. Contains beef, pork, salt, spices, sugar, skim milk powder, sodium nitrite and sodium nitrate.","1,789",21.9,37.5,12.47,0.8,0.5,"1,535"
F007817,"Salami, milano","Processed fermented sweet meat, served in circular slices. Contains pork, beef, salt, sugar, spices, sodium nitrate and sodium nitrite.","1,781",21.7,36.9,11.57,2.2,1,"1,495"
F007819,"Salami, pepperoni","Spicy, fermented manufactured meat, served in thin circular slices. Product contains pork and beef, salt, sugar, spices, sodium nitrate and sodium nitrite.","1,773",23.5,36.1,13.38,1.6,0.8,"1,400"
F007818,"Salami, all varieties, raw","Processed fermented sweet meat, served in circular slices. Contains pork, beef, salt, sugar, spice and sodium nitrite.","1,443",21.9,28.3,9.22,0.4,0,"1,500"
F002756,"Chicken, processed luncheon meat, low or reduced fat","Processed chicken meat product, with a fat content of approximately 3%, generally sold pre-sliced and intended for use as a sandwich filling. Typical ingredients include chicken, water, soy protein, thickener, salt and sugar.",480,20,1.2,0.39,4.4,0.2,760
F000544,"Beef, corned, canned","Canned processed meat product containing cooked beef, salt, sugar, sodium nitrite and water.",957,21.5,15.7,7.39,0.3,0.3,750
F001019,"Berliner, processed meat","Processed meat commonly used as a sandwich filling. Typical ingredients include pork, water, salt, mineral salts, sugar, spices and sodium nitrite.",946,14,18.2,6.57,1.8,1.1,845
F001325,Brawn (braun),"Jellied meat mixture, also known as presswurst or Head cheese. Typical ingredients include pork, water, vinegar, spices and salt. ",909,16.7,16.9,5.88,0,0,830
F003504,"Devon, processed luncheon meat","Processed luncheon meat commonly used as a sandwich filling. Typical ingredients include meat (mostly pork), water, flour/starch, soy protein, sugar, spices, antioxidant and sodium nitrite. Also known as fritz, luncheon, polony and Belgium.","1,007",12.4,18.5,7.38,5.7,0.8,847
F008740,"Spam, canned","Manufactured pork product containing chopped pork shoulder, leg ham, salt, sugar, mineral salts, sodium nitrite and water.","1,239",14.2,26.1,8.6,1.9,1.2,920
F002983,"Coconut, fresh, mature fruit, flesh","Fresh flesh from inside a mature coconut, not preserved by drying or other techniques.","1,399",3.8,32.8,28.95,3.3,2.9,5
F002985,"Coconut, fresh, young or immature, flesh","Fresh flesh from inside an immature coconut, not preserved by drying or other techniques.",357,1.6,5.6,4.94,7,4,6
F002984,"Coconut, fresh, mature, water or juice","The liquid portion from the inside of a mature coconut, not preserved or treated.",92,0.5,0.1,0.09,4.7,4.7,17
F002986,"Coconut, fresh, young or immature, water or juice","The liquid portion from the inside of an immature coconut, not preserved or treated.",116,0.2,0,0,6.6,6.6,5
F009794,"Water, coconut, commercial",The liquid portion from the inside of a mature coconut which may be filtered or pasteurised and packaged prior to sale.,57,0.2,0,0,3.2,3.2,36
F002987,"Coconut, grated & desiccated",Grated or shredded flesh from a mature coconut that has been dried and packaged.,"2,784",6.9,65.4,57.72,7.3,6.6,15
F002982,"Coconut, cream, regular fat","Liquid extract of the flesh of mature coconuts, containing significant levels of fat so that it has a creamy appearance. Supplied canned or in UHT tetrapaks.",909,1.6,23.2,18.82,1.4,1.4,16
F002991,"Coconut, milk, canned, regular fat","Canned liquid extract of the flesh of a mature coconut, generally with added water.",622,1.4,15.4,12.49,1.7,1.7,26
F002990,"Coconut, milk, canned, reduced fat","Canned liquid extract of the flesh of a mature coconut, generally with added water. Formulated to have a lower fat content than most coconut milks.",289,0.6,7.1,6.39,0.9,0.9,15
F002992,"Coconut, milk, dried, powder","Liquid extract of the flesh of a mature coconut, then dried to a produce a fine powder. Generally contains added starch or maltodextrin and milk proteins.","2,831",8.1,66.2,59.66,12.4,7.2,30
F006081,"Nut, almond, with skin, raw, unsalted",Raw natural almond kernels with a brown skin and a creamy coloured nut.,"2,394",19.7,50.5,3.81,5.4,5.2,0
F006082,"Nut, almond, with skin, roasted, unsalted","Almond kernels with a brown skin and creamy coloured nut, that have been roasted without added salt.","2,469",19.7,52.5,4.02,5.4,5.2,0
F006077,"Nut, almond meal",Almond kernel briefly heated in boiling water to remove skin and ground to form a meal.,"2,394",19.7,50.5,3.81,5.4,5.2,0
F006087,"Nut, brazil, raw or blanched, unsalted","Raw long, three sided creamy coloured nut with a dark brown skin, enclosed in a 3 sided, tough, dull brown-grey shell, without added salt. Generally sold without the shell and are usually imported into Australia from South America.","2,889",14.4,68.5,14.8,2.4,2.1,2
F000137,"Nut, bunya, raw, unsalted","Raw, beige coloured, coniferous nut obtained from the bunya pine, without added salt.",805,2.1,1.2,0.28,40.5,3.2,5
F006088,"Nut, cashew, raw, unsalted","Raw, cream coloured kidney shaped nut without added salt.","2,546",17,49.2,8.37,22.9,5.5,11
F006092,"Nut, cashew, roasted, unsalted",Raw cashew that has been roasted and has no salt added.,"2,536",17,47.7,8.16,26.8,6.5,7
F006090,"Nut, cashew, roasted, salted","Cream coloured kidney shaped nut, that have been roasted with added salt.","2,561",17,48.5,9,26.7,6.4,270
F006095,"Nut, chestnut, raw, unsalted","Raw large, round, grey-white fleshy nut, pointed at the top, with a thin brown skin inside a smooth, glossy brown, soft shell, without added salt.",730,3.4,0.2,0.04,32.1,3.3,1
F006096,"Nut, chestnut, roasted, unsalted","Large, round, grey-white fleshy nut, pointed at the top, with a thin brown skin inside a smooth, glossy brown, soft shell, that have been roasted on a fire or in an oven without added salt.",784,3.4,1.2,0.22,36.3,7.4,0
F006098,"Nut, hazelnut, raw, unsalted","Raw small, light brown, round nut with point at the top, and a thin brown skin, inside a smooth, hard shell with a rough round area at the base, without added salt.","2,694",14.8,61.4,2.7,5.1,4.4,3
F006099,"Nut, macadamia, raw, unsalted","Raw light brown, smooth, spherical nut, with a very hard, smooth brown shell, covered with either a smooth or a slightly rough brown husk, without added salt.","3,090",6.5,76.7,11.8,4.6,4.6,1
F006107,"Nut, peanut, with skin, raw, unsalted","Raw kernels with reddish brown skin produced after removing the shell, without added salt.","2,382",24.7,47.1,8.19,8.9,5.1,1
F006108,"Nut, peanut, with skin, roasted, with oil, salted","Kernels with reddish brown skin produced after removing the shell, that have been roasted with oil and with added salt. Commonly called Beer Nuts.","2,640",24.4,51.7,8.98,14.4,4.7,380
F006110,"Nut, peanut, without skin, roasted, with oil, unsalted","Kernels that have had the reddish brown skin removed, and have been roasted with oil and without added salt.","2,672",25.1,52.8,9.18,14.1,4.4,1
F006109,"Nut, peanut, without skin, roasted, with oil, salted","Kernels that have had the reddish brown skin removed, and have been roasted with oil and with added salt.","2,672",25.1,52.8,9.18,14.1,4.4,335
F006111,"Nut, pecan, raw, unsalted","Raw elliptical nut with a thin, brown shell, sometimes with a black strip covered by a husk, without added salt.","2,977",9.8,71.9,4.54,4.9,4.3,3
F006112,"Nut, pine, raw, unsalted","Raw, small cream coloured, soft kernel, which is shed from the woody scales of the mature pine cone when it opens out, without added salt. Generally sold without shell and imported in Australia from China and European countries.","2,929",13,70,4.22,4.5,3.4,3
F006113,"Nut, pistachio, raw, unsalted","Raw small green kernel, covered with a thin skin, encased in a smooth, cream coloured, brittle shell which separates from the kernel, without added salt. Shell removed.","2,292",17,48.6,5.67,7.8,7.1,0
F006116,"Nut, walnut, raw, unsalted","Raw walnut kernels, described as either brown (sold for baking purposes) or golden (sold for direct consumption), without added salt. Includes samples originating from China and India.","2,907",14.4,69.2,4.43,3,2.7,3
F008209,"Seed, chia, dried",Small dried oval seed commonly black or white in colour.,"1,826",23.8,29.8,2.54,3.1,0.7,0
F009977,"Seed, hemp, dried",Small brown seeds derived from the Cannibas sativa plant.,"2,454",29.8,50.6,4.5,2.5,2.3,0
F008210,"Seed, linseed or flaxseed",Small black dried ripe seeds from the flax plant.,"1,884",21.6,32.6,3.33,2.8,1.5,60
F008211,"Seed, poppy",Small black kidney-shaped seeds of the opium poppy.,"2,146",18,41.6,4.59,8.6,3,26
F008212,"Seed, pumpkin, hulled & dried","Edible, green-coloured seed from a pumpkin.","2,251",30.2,45,7.31,2.1,1.3,1
F008215,"Seed, sunflower",Kernels produced by removing the outer shell of the seeds of the sunflower.,"2,364",24.7,48.3,4.39,3.1,2.1,0
F008214,"Seed, sesame, unsalted","Raw hulled sesame seeds, white in colour.","2,621",22.2,55.6,6.8,6.2,0.6,24
F006304,Pandanus kernel,"Kernel of the indigenous screw pine, raw or cooked.","2,455",25.9,46.8,5.55,12.5,3.1,344
F010328,"Flour, hemp","Flour prepared from dried, ground hemp seeds. ","1,230",22.3,11.1,1.21,2.7,2.5,7
F009076,"Tahini, sesame seed pulp",Ground sesame seed pulp.,"2,725",20.4,60.7,7.54,1,0.7,79
F000386,"Barramundi, aquacultured, fillet, raw","Uncooked barramundi fillet, produced under aquaculture and imported into Australia.",523,19.2,5.3,1.19,0,0,56
F000385,"Barramundi, aquacultured, fillet, grilled, no added fat","Barramundi with or without skin, cooked by baking, roasting, frying, grilling or BBQ'ing without added fat.",717,26.4,7.3,1.64,0,0,76
F000387,"Barramundi, aquacultured, fillet, steamed with no added fat","Barramundi with or without skin, cooked by boiling, microwaving, steaming or poaching, without added fat.",623,22.9,6.3,1.42,0,0,56
F000402,"Bassa (basa), fillet, raw","Uncooked bassa (basa) fillet, produced by aquaculture and imported into Australia.",332,15.7,1.8,0.5,0,0,84
F000401,"Bassa (basa), fillet, baked, no added fat","Bassa (basa) fillet, produced by aquaculture and imported into Australia, that has been baked with no added fat.",455,21.5,2.4,0.69,0,0,115
F000403,"Bassa (basa), fillet, steamed, no added fat","Bassa (basa) with or without skin, cooked by boiling, microwaving, steaming or poaching, without added fat.",396,18.7,2.1,0.6,0,0,85
F001277,"Blue grenadier (hoki), fillet, raw",Uncooked blue grenadier (hoki) with or without skin.,350,18,1.2,0.24,0,0,63
F001276,"Blue grenadier (hoki), fillet, baked, no added fat","Blue grenadier (hoki) with or without skin, cooked.",480,24.6,1.6,0.33,0,0,86
F001278,"Blue grenadier (hoki), fillet, steamed, no added fat","Blue grenadier (hoki) flesh, imported into Australia, that has been steamed with no added fat.",417,21.4,1.4,0.29,0,0,64
F001884,"Bream, fillet, raw",Uncooked bream fillet.,521,19.6,5.1,1.76,0,0,84
F001881,"Bream, fillet, baked, no added fat",Bream fillet that has been cooked by any method.,714,26.8,7,2.41,0,0,115
F001885,"Bream, fillet, steamed, no added fat",Bream fillet that has been steamed with no added fat.,581,22.4,5.4,1.7,0,0,82
F003002,"Cod or hake, raw",Uncooked cod or hake with or without skin.,328,17.8,0.7,0.13,0,0,54
F002996,"Cod or hake, baked, no added fat","Cod or hake with or without skin, cooked by any method.",449,24.4,0.9,0.18,0,0,74
F003973,"Flathead, fillet, raw","Uncooked flathead flesh from the family Platycephalus including species identified as Sand (P. bassenis), Tiger (P. richardsoni) and Rock (P. laevigatus).",395,21.1,1,0.28,0,0,97
F003970,"Flathead, fillet, baked, no added fat",Flathead flesh that has been cooked by any method.,541,28.8,1.4,0.38,0,0,133
F003974,"Flathead, fillet, steamed, no added fat","Flathead flesh from the family Platycephalus including species identified as Sand (P. bassenis), Tiger (P. richardsoni) and Rock (P. laevigatus), that has been steamed with no added fat.",487,26.1,1.2,0.34,0,0,91
F004202,"Gemfish, fillet, raw",Uncooked gemfish flesh.,336,14,2.6,0.72,0.1,0.1,40
F004201,"Gemfish, fillet, baked, no added fat",Gemfish flesh that has been baked with no added fat.,460,19.2,3.6,0.99,0.1,0.1,54
F004203,"Gemfish, fillet, steamed, no added fat",Gemfish flesh that has been steamed with no added fat.,569,26.4,3.1,0.87,0.3,0.3,72
F004811,"Kingfish, yellowtail, aquacultured, fillet, with skin, raw",Uncooked yellowtail kingfish flesh.,858,22.9,12.7,3.06,0,0,36
F004810,"Kingfish, yellowtail, aquacultured, fillet, with skin, grilled, no added fat",Yellowtail kingfish flesh that has been cooked by any method.,"1,175",31.3,17.4,4.19,0,0,49
F004812,"Kingfish, yellowtail, aquacultured, fillet, with skin, steamed, no added fat",Yellowtail kingfish flesh with skin which has been cooked by steaming without added fat.,"1,021",27.2,15.1,3.64,0,0,36
F005268,"Mackerel, raw",Uncooked mackerel with or without skin.,561,19.3,6.3,2.03,0,0,59
F005267,"Mackerel, grilled, no added fat",Mackerel cooked by any method.,768,26.4,8.6,2.78,0,0,81
F005270,"Mackerel, steamed, no added fat","Mackerel, with or without skin, cooked by steaming without any added fat.",668,23,7.5,2.42,0,0,60
F005659,"Milkfish, aquacultured, fillet, raw",Uncooked milkfish produced by aquaculture and imported into Australia.,795,23.4,10.7,3.79,0,0,84
F005658,"Milkfish, aquacultured, fillet, grilled, no added fat","Milkfish produced by aquaculture and imported into Australia, that has been grilled with no added fat","1,089",32,14.7,5.19,0,0,115
F005660,"Milkfish, aquacultured, fillet, steamed, no added fat","Milkfish produced by aquaculture and imported into Australia, that has been steamed without added fat.",946,27.8,12.8,4.51,0,0,85
F005824,"Morwong, fillet, raw",Uncooked morwong fillet.,544,19.4,5.8,1.99,0,0,89
F005823,"Morwong, fillet, grilled, no added fat",Morwong fillet that has been grilled with no added fat.,745,26.5,7.9,2.72,0,0,122
F005825,"Morwong, fillet, steamed, no added fat",Morwong fillet that has been steamed with no added fat.,528,23,3.7,1.37,0,0,86
F005922,"Mullet, yelloweye, fillet, raw",Uncooked mullet fillet caught in Australian waters.,549,19.2,6,2.67,0,0,131
F005921,"Mullet, yelloweye, fillet, baked, no added fat","Mullet with or without skin, cooked by any method.",752,26.4,8.2,3.65,0,0,179
F005923,"Mullet, yelloweye, fillet, steamed, no added fat","Yelloweye mullet fillet caught in Australian waters, steamed with no added fat.",559,22,5,2,0,0,144
F005930,"Mulloway, fillet, raw",Uncooked mulloway flesh.,435,20.6,2.3,0.78,0,0,54
F005926,"Mulloway, fillet baked, no added fat","Mulloway with or without skin, cooked by baking with no added fat or oil.",595,28.2,3.2,1.07,0,0,74
F005932,"Mulloway, fillet, steamed, no added fat",Mulloway flesh that has been steamed with no added fat.,540,23.2,3.9,1.36,0,0,63
F007827,"Salmon, Atlantic, fillet, raw","Uncooked Atlantic salmon fillet, produced by aquaculture.",965,20.5,16.7,3.77,0,0,32
F007826,"Salmon, Atlantic, fillet, grilled, no added fat","Atlantic salmon fillet without skin, produced by aquaculture that has been grilled with no added fat.","1,078",22.9,18.6,4.21,0,0,36
F007828,"Salmon, Atlantic, fillet, steamed, no added fat","Atlantic salmon fillet without skin, produced by aquaculture that has been steamed with no added fat.","1,135",24.1,19.6,4.44,0,0,32
F007849,"Salmon, Pacific King, fillet, skinless, raw","Uncooked pacific king salmon fillet without skin, produced by aquaculture.","1,149",18.1,22.8,5.65,0,0,30
F007848,"Salmon, Pacific King, fillet, skinless, grilled, no added fat","Pacific king salmon fillet without skin, produced by aquaculture that has been grilled with no added fat.","1,284",20.2,25.4,6.32,0,0,33
F007850,"Salmon, Pacific King, fillet, steamed, no added fat","Pacific King salmon fillet without skin, produced by aquaculture that has been steamed with no added fat.","1,352",21.3,26.8,6.65,0,0,30
F007973,"Sardine, Australian, whole, raw",Uncooked Australian sardines.,442,19.7,2.9,1.17,0,0,665
F007972,"Sardine, Australian, whole, fried, no added fat",Australian sardines that have been fried with no added fat.,444,22,1.9,0.59,0,0,794
F008775,"Sprat, blue, wild caught, flesh, skin & bones, raw","Fish described as Australian sardines but of two species (Sardinops sagax and Spratelloides robustus). Wild harvested, uncooked.",378,18.7,1.6,0.5,0,0,675
F008774,"Sprat, blue, wild caught, flesh, skin & bones, fried, no added fat","Fish described as Australian sardines but of two species (Sardinops sagax and Spratelloides robustus). Wild harvested, fried with no added fat.",444,22,1.9,0.59,0,0,794
F008237,"Shark, fillet, without skin, raw","Uncooked shark or flake (typically Gummy, School and Black Tipped shark) fillet without skin.",434,24.6,0.4,0.1,0,0,180
F008236,"Shark, fillet, without skin, baked, no added fat","Shark or flake (typically Gummy, School and Black Tipped shark) fillet without skin that has been cooked by any method.",595,33.8,0.6,0.13,0,0,246
F008238,"Shark, fillet, without skin, steamed, no added fat","Shark or flake (typically Gummy, School and Black Tipped shark) fillet without skin that has been steamed with no added fat.",488,27.7,0.5,0.11,0,0,162
F008263,"Silver perch, aquacultured, raw","Uncooked silver perch fillet, produced in Australia by aquaculture.",924,19.5,16,4.27,0,0,70
F008258,"Silver perch, aquacultured, baked, no added fat",Silver perch fillet that has been cooked by any method.,"1,266",26.7,22,5.85,0,0,96
F008264,"Silver perch, aquacultured, steamed, no added fat","Silver perch fillet, produced in Australia by aquaculture, that has been steamed with no added fat.","1,100",23.2,19.1,5.09,0,0,71
F008359,"Snapper, fillet, raw",Uncooked snapper fillet.,404,20.3,1.6,0.46,0,0,85
F008358,"Snapper, fillet, baked, no added fat",Snapper fillet that has been cooked by any method.,554,27.8,2.2,0.64,0,0,116
F008360,"Snapper, fillet, steamed, no added fat",Snapper fillet that has been steamed with no added fat.,554,27.8,2.2,0.64,0,0,93
F009163,"Tilapia, fillet, raw","Uncooked tilapia fillet, produced by aquaculture and imported into Australia.",477,18.5,4.4,1.37,0,0,84
F009161,"Tilapia, fillet, baked, no added fat","Tilapia fillet, produced by aquaculture and imported into Australia that has been baked with no added fat.",654,25.3,6,1.88,0,0,115
F009164,"Tilapia, fillet, steamed, no added fat","Tilapia fillet, produced by aquaculture and imported into Australia, that has been steamed with no added fat.",568,22,5.2,1.63,0,0,85
F009268,"Trout, ocean, aquacultured, fillet, without skin, raw","Uncooked ocean trout, produced in Australia by aquaculture.","1,205",17.4,24.6,6.24,0,0,247
F009267,"Trout, ocean, aquacultured, fillet, without skin, baked, no added fat","Uncooked ocean trout, produced in Australia by aquaculture that has been backed with no added fat.","1,651",23.8,33.7,8.55,0,0,338
F009269,"Trout, ocean, aquacultured, fillet, without skin, steamed, no added fat","Uncooked ocean trout, produced in Australia by aquaculture that has been steamed with no added fat.","1,435",20.7,29.3,7.43,0,0,250
F009271,"Trout, rainbow, aquacultured, raw","Uncooked rainbow trout (including some skin), produced in Australia by aquaculture.",645,19.6,8.4,2.51,0,0,70
F009270,"Trout, rainbow, aquacultured, baked, no added fat","Rainbow trout (including some skin), produced in Australia by aquaculture that has been cooked by any method.",883,26.8,11.6,3.44,0,0,96
F009273,"Trout, rainbow, aquacultured, steamed, no added fat","Rainbow trout with or without skin, cooked by steaming, without added fat or oil.",767,23.3,10,2.99,0,0,71
F009303,"Tuna, yellowfin, fillet, raw",Uncooked yellowfin tuna flesh.,435,23.4,1,0.24,0,0,37
F009302,"Tuna, yellowfin, fillet, baked, no added fat","Tuna flesh, that has been cooked by any method.",596,32,1.4,0.33,0,0,51
F009304,"Tuna, yellowfin, fillet, steamed, no added fat","Yellowfin tuna flesh, that has been steamed with no added fat.",518,27.8,1.2,0.28,0,0,37
F009560,"Whiting, King George, fillet, raw",Uncooked king george whiting flesh,362,19.8,0.7,0.18,0,0,70
F009557,"Whiting, King George, fillet, baked, no added fat",Whiting flesh that has been cooked by any method.,517,28.2,1,0.26,0,0,100
F009561,"Whiting, King George, fillet, steamed, no added fat",King george whiting flesh that has been steamed with no added fat.,437,23.3,1.1,0.28,0,0,69
F003920,"Fish, eel, raw","Uncooked eel, with or without skin.",745,18.4,11.7,2.36,0,0,51
F003898,Fish paste or spread,"Spread containing a minimum of 70% fish (typically cod, salmon and/or anchovy) with other ingredients such as salt and thickeners.",652,14.9,6.9,1.33,7.8,0,"1,200"
F000002,"Abalone, black lip, aquacultured, raw",Uncooked greyish-brown flesh of a single-shelled mollusc which is characterised by a black ring surrounding the flesh. Aquacultured.,332,16.2,0.8,0.16,1.6,0.4,390
F000003,"Abalone, black lip, wild, raw",Uncooked greyish-brown flesh of a single-shelled mollusc which is characterised by a black ring surrounding the flesh. Wild caught.,380,19.4,0.6,0.14,1.6,0.4,268
F000005,"Abalone, green lip, aquacultured, raw",Uncooked greyish-brown flesh of a single-shelled mollusc which is characterised by a green ring surrounding the flesh. Aquacultured.,345,17.1,0.8,0.17,1.6,0.4,792
F000006,"Abalone, green lip, wild, raw",Uncooked greyish-brown flesh of a single-shelled mollusc which is characterised by a green ring surrounding the flesh. Wild caught.,363,18.7,0.5,0.13,1.6,0.4,255
F000004,"Abalone, brown lip, wild, raw",Uncooked greyish-brown flesh of a single-shelled mollusc which is characterised by a brown ring surrounding the flesh. Wild caught.,353,17.8,0.6,0.15,1.6,0.4,280
F003243,"Crab, flesh, purchased steamed or boiled",Flesh from crabs purchased freshly cooked by boiling or steaming.,370,20.2,0.7,0.14,0,0,420
F005228,"Lobster, southern rock, wild, flesh, raw",Uncooked flesh from lobsters.,370,20.2,0.7,0.12,0,0,283
F005227,"Lobster or crayfish, flesh, purchased steamed, poached or boiled, no added fat",Flesh from lobsters cooked whole in water or steam prior to purchase so that the lobster is red in colour.,411,22.5,0.8,0.13,0,0,283
F005968,"Mussel, blue, steamed","Flesh of a mussel that has a blue or purple tinged shell, that has been steamed with no added fat.",438,16,2.3,0.37,4.7,0,353
F006150,"Octopus, raw",Uncooked octopus flesh.,292,14.9,1,0.22,0,0,230
F006148,"Octopus, boiled, no added fat",Octopus flesh that has been boiled with no added fat.,324,16.6,1.2,0.25,0,0,204
F006288,"Oyster, native, aquacultured, raw",Uncooked flesh of aquacultured native oysters purchased in open half shell.,198,7.3,1.7,0.41,0.6,0,585
F006289,"Oyster, Pacific, aquacultured, raw",Uncooked flesh of aquacultured Pacific oysters purchased in open half shell.,278,10.8,2.2,0.48,0.6,0,541
F006291,"Oyster, Sydney rock, aquacultured, raw",Uncooked flesh of aquacultured Sydney rock oysters purchased in open half shell.,293,10.6,2.8,0.6,0.6,0,491
F006285,"Oyster, aquacultured, raw","Uncooked flesh of oysters purchased in open half shell. Includes oysters described as Pacific, Native and Sydney rock oysters.",267,10.1,2.3,0.5,0.6,0,535
F007422,"Prawn, banana, wild, flesh, raw","Uncooked flesh from banana prawns, typically pale in colour with a greenish tinge. Wild caught.",247,13.2,0.6,0.13,0,0,509
F007421,"Prawn, banana, aquacultured, purchased cooked",Flesh from banana prawns. Wild caught and purchased pre-cooked.,429,23.2,1,0.18,0,0,805
F007424,"Prawn, brown tiger, wild, flesh, raw","Uncooked flesh from brown tiger prawns, typically pale brown to blue-green with distinctive stripes. Wild caught.",432,23.4,0.9,0.17,0,0,273
F007423,"Prawn, black tiger, aquacultured, purchased cooked",Flesh from black tiger prawns. Wild caught and purchased pre-cooked.,382,20.2,1,0.2,0,0,918
F007431,"Prawn, endeavour, wild, flesh, raw","Uncooked flesh from endeavour prawns, typically pale brown to pink in colour. Wild caught.",408,22.4,0.7,0.15,0,0,330
F007451,"Prawn, school, wild, flesh, raw","Uncooked flesh from school prawns, typically pale in colour with a greenish tinge. Wild caught.",345,17.8,1.1,0.24,0,0,114
F007454,"Prawn, Western king, wild, flesh, raw","Uncooked flesh from Western king prawns, typically cream to light brown flesh. Wild caught.",437,23.9,0.8,0.16,0,0,268
F007433,"Prawn, flesh, raw (green)","Uncooked flesh from large prawns, typically pale in colour with a greenish tinge.",381,20.7,0.8,0.15,0,0,345
F007432,"Prawn, flesh, cooked from raw, no added fat",Flesh from large prawns that have been fried with no added fat.,507,27.1,1.2,0.24,0,0,"1,077"
F008166,"Scallop, raw",Uncooked flesh and roe of a scallop.,352,15.6,0.8,0.14,3.4,0.8,150
F008165,"Scallop, fried, no added fat",Flesh and roe of a scallop that has been fried with no added fat.,440,19.5,1,0.18,4.2,1.1,188
F008828,"Squid or calamari, raw",Uncooked squid tubes.,328,16.7,1.2,0.31,0,0,284
F008825,"Squid or calamari, fried, no added fat","Squid tubes, cut into ring shapes that have been fried with no added fat.",410,20.9,1.5,0.39,0,0,355
F000074,"Anchovy, canned in oil, drained","Anchovy fillets preserved by canning in edible oil (including olive and soy oils) and salt, then drained.",762,25.4,8.9,1.97,0,0,"5,480"
F003009,"Cod, smoked, raw",Uncooked fillets of cod preserved by cold or liquid smoking so that the fish has an orange colour.,356,18.8,1,0.25,0,0,655
F003003,"Cod or hake, smoked, steamed",Fillets of cod or hake preserved by cold or liquid smoking so that the fish has an orange colour. Steamed without added fat.,396,20.1,1.5,0.36,0,0,548
F007853,"Salmon, pink, canned in brine, drained","Flesh, bones and skin of fish labelled as being pink salmon, canned in brine, then drained.",579,20.7,6.2,1.4,0,0,382
F007860,"Salmon, red, canned in brine, drained","Flesh, bones and skin of fish labelled as being red salmon, canned in brine, then drained.",617,24.4,5.5,1.14,0,0,350
F007864,"Salmon, smoked, sliced",Salmon preserved by salting and smoking then sliced prior to sale. May contain small amounts of vegetable oil. Salmon may be produced in Australia or imported.,787,24.3,10.1,1.74,0,0,"1,015"
F009300,"Tuna, unflavoured, canned in water, drained","Tuna flesh, canned in water, drained.",540,26.1,2.6,1.03,0,0,250
F009285,"Tuna, canned in brine, drained","Tuna flesh preserved by canning in brine, then drained.",540,26.1,2.6,1.03,0,0,400
F003197,"Corn chips, plain, no added salt","Snack product consisting of ground corn, formed into shapes, then deep fried in vegetable oil. Does not contain added salt or flavour.","2,053",7.5,25,5.81,56,0.6,0
F003198,"Corn chips, plain, salted","Snack food product that consists of chips made from ground corn that is fried in vegetable oil, with added salt, but no added flavours.","2,053",7.5,25,5.81,56,0.6,420
F009073,"Taco shell, from corn flour, plain",Pre-purchased hard corn-based shells for use in preparing tacos. Shells are fried before packaging.,"1,949",6.8,21.8,1.81,56.3,1.1,80
F006313,"Pappadam, deep fried","Thin, dry, circular wafer, generally made from legume flour. Deep fried in oil until puffed, blistered and crispy.","2,296",13.4,39.8,4.02,31,0.9,"1,069"
F006315,"Pappadam, uncooked","Thin, dry, circular wafer, generally made from legume flour. Uncooked.","1,362",20.6,2.5,0.32,47.7,1.4,"1,646"
F006843,"Popcorn, air-popped, no added fat or salt",Air-popped corn kernels. Does not contain added fat/oil or salt.,"1,538",14.1,4.1,0.66,60.1,1,1
F007456,"Pretzels, salted",Baked snack product generally made from wheat flour with yeast. Lightly salted before baking. Includes flavoured varieties.,"1,502",10.2,4.5,0.77,67.2,2.9,"1,168"
F000278,"Bar, carob","Confectionery product containing carob powder with ingredients such as vegetable oil, skim milk powder and lecithin.","2,388",5.6,43.8,40.99,36.4,31.6,137
F002916,"Chocolate, compound, cooking",Cocoa-based product formulated for baking or other cooking purposes in which cocoa butter is wholly or partially replaced with vegetable oils. Generally dark in colour but also includes milk cooking chocolate.,"2,195",4,30.3,27.72,57,55.3,45
F009837,"Chocolate, dark, no added sugar","Dark chocolate that contains between 35 and 75% cocoa solids so that it is dark in colour and slightly bitter in flavour. No added sugar. Products are sweetened with erythritol, maltitol, or xylitol.","2,118",6.9,38.3,23.07,4.1,0.5,3
F002921,"Chocolate, dark, high cocoa solids",Dark chocolate that contains between 40 and 59% cocoa solids so that it is dark in colour and slightly bitter in flavour.,"2,262",3.9,30.3,18.35,62.6,52,55
F002929,"Chocolate, milk",Chocolate confectionery product containing added milk solids and sold in a block or moulded into novelty shapes.,"2,234",7.6,30.6,18.77,56,54.6,68
F002946,"Chocolate, white",Chocolate confectionery product that contains milk solids and cocoa butter and is creamy white in colour.,"2,328",7.1,34.5,21.4,54.6,54.6,78
F002220,"Capers, pickled, canned, drained",Small round green berries of the caper bush. Pickled commercially and drained.,126,2.4,0.9,0.27,1.7,0.4,"2,348"
F002953,"Chutney or relish, commercial","Jam-like preserve containing fruit, dried fruit, sugar, vinegar, salt and spices.",792,0.5,0.3,0,43.1,41.5,690
F004600,"Jam, berry",A fruit-based jam or conserve with a thick consistency and high viscosity. Consists of a mixture of whole berries or berry pieces cooked in sugar and water.,"1,169",0.3,0,0,67.3,67.2,12
F004604,"Jam, plum",An fruit based jam or conserve made with an equal weight of either whole plums or large plum pieces and sugar cooked in water.,"1,116",0.2,0,0,64.4,64.3,14
F004607,"Jam, stone fruit",An fruit based jam or conserve made with an equal weight of either whole fruits or pieces of fruits such as apricot and sugar cooked in water.,"1,116",0.2,0,0,64.4,64.3,14
F005421,"Marmalade, orange",A sugary fruit preserve with a lumpier consistency than jam as both the skin and pulp of the orange is used in its making.,"1,127",0.1,0,0,65.5,65.4,33
F008777,"Spread, hazelnut & chocolate flavoured","A thick, chocolate flavoured hazelnut spread.","2,250",6.8,30.3,7.96,57.8,57.2,42
F008969,"Sugar, brown",A soft moist brown sugar with a fine crystal size.,"1,649",0.2,0,0,96.8,96.8,21
F011010,"Sugar, low energy, D-allulose","A novel food produced from the enzymatic conversion of fructose by D-psicose 3-epimerase contained in Microbacterium foliorum, and used primarily as a sugar substitute. ",200,0,0,0,0,0,0
F003629,"Sugar, low energy, D-Tagatose",A novel food produced from the hydrolysis of lactose and used primarily as a sugar substitute. ,"1,100",0,0,0,0,0,0
F008973,"Sugar, raw",A light brown sugar characterised by a larger crystal size and consists of 98% sucrose and 2% water and ash.,"1,697",0,0,0,99.8,99.8,1
F008976,"Sugar, white, granulated or lump","Purified extract from the sugar cane plant that is composed almost entirely of sucrose and may be supplied in lumps, coarse or fine granules or as a powder.","1,700",0,0,0,100,100,0
F008980,"Sugar, white, icing",Produced by milling granulated sugar which is a form of sucrose refined from sugar cane to produce a fine white powder.,"1,700",0,0,0,100,100,0
F008981,"Sugar, white, icing mixture",Produced by milling granulated sugar which is a form of sucrose refined from sugar cane to produce a fine white powder. Wheat starch is added to maintain a fine powder.,"1,693",0,0,0,99.6,95.6,0
F003098,"Confectionery, cake decoration, sugar based (hundreds & thousands)","Small, brightly coloured, brittle balls of sugar that are usually sprinkled on cakes, biscuits or other sweet foods.","1,628",0.1,0.1,0.02,95.4,72,20
F004219,"Glucose, liquid or syrup","Liquid product containing glucose and other carbohydrates, produced from the hydrolysis of starch. Composition will vary depending on particular formulation.","1,488",0,0,0,87.5,33,150
F004380,Honey,Sugar syrup made by bees using nectar from flowers.,"1,234",0.3,0,0,72.3,72.3,8
F004574,"Intense sweetener, containing aspartame, tablet formulation",Sweetening product in tablet formulation containing aspartame as the intense sweetener. Also contains lactose and corn starch.,"1,483",27.2,0,0,59.3,31.2,164
F004575,"Intense sweetener, containing aspartame/acesulfame-potassium, tablet formulation",Sweetening product in tablet formulation containing aspartame and acesulphame-potassium as the intense sweeteners. Also contains lactose.,"1,556",9.6,0,0,78.6,72.9,38
F004577,"Intense sweetener, containing saccharin, tablet formulation",Sweetening product in tablet formulation containing sodium saccharin as the intense sweetener.,40,0,0.5,0,1.2,0.2,"16,700"
F004579,"Intense sweetener, containing stevia, tablet formulation",Sweetening product in tablet formulation containing stevia leaf extract as the intense sweetener.,581,0.6,0,0,26.8,23.9,"4,578"
F004581,"Intense sweetener, containing sucralose, tablet formulation",Sweetening product in tablet formulation containing sucralose as the intense sweetener. Also contains lactose.,957,0,0,0,55.4,53.5,102
F004578,"Intense sweetener, containing stevia, powdered formulation",Sweetening product in powder formulation containing stevia leaf extract as the intense sweetener.,0,0,0,0,0,0,0
F004580,"Intense sweetener, containing sucralose, powdered formulation",Sweetening product in powder formulation containing sucralose as the intense sweetener. Also contains dextrose and maltodextrin.,"1,530",0,0,0,90,87,0
F010097,"Intense sweetener, containing stevia, liquid formulation",Sweetening product in liquid formulation containing stevia leaf extract as the intense sweetener.,129,0,0,0,7.6,7.6,2
F009047,"Syrup, agave, light & dark, liquid","A sweet, light to dark brown syrup produced from the leaves of the agave plant.","1,292",0,0,0,76,76,0
F009049,"Syrup, golden",Made from sugar syrup which has been partially broken down into glucose and fructose and is light to medium brown in colour.,"1,278",0.2,0,0,74.9,74.9,130
F009052,"Syrup, maple, pure",Light to medium brown coloured sugar syrup traditionally made by boiling maple tree sap at atmospheric pressure or by freeze-drying it at reduced atmospheric pressure. Imported into Australia.,"1,142",0,0.1,0.01,67,60.4,12
F009949,"Syrup, malt",Sweet syrup derived from sprouted barley. ,"1,380",6.2,0,0,75,49,35
F009937,"Syrup, rice malt",Sweet syrup derived by steeping rice starch in enzymes to break down the starches and produce a liquid which is reduced of excess water until a syrup consistency is reached. ,"1,409",0.3,0,0,82.6,54.5,14
F009056,"Syrup, sugar and water, simple syrup","Clear, sweet syrup made from dissolving granulated sugar in an equal amount of water. ",776,0,0,0,45.6,45.6,2
F009956,Treacle or molasses,"An viscous syrup made during the refining of sugar, often used as a sweetener. ","1,192",0.6,0,0,69.2,69.2,66
F004611,"Jelly crystals, sugar sweetened, all flavours","Coloured and flavoured dry crystals of sugar. Main ingredients include sucrose, citric acid, sodium and artificial colours and flavours.","1,690",7.1,0,0,90.7,90.7,520
F004615,"Jelly, sugar sweetened, all flavours, prepared",Semi-solid water based dessert product prepared from packaged dried jelly crystals.,245,1,0,0,13.2,13.2,78
F004612,"Jelly, intense sweetened, all flavours, prepared","Semi-solid, brightly coloured dessert prepared from water and packaged, intense sweetened, dry jelly crystals.",28,1.6,0,0,0,0,23
F004610,"Jelly crystals, intense sweetened, all flavours","Dry powder with added colour, flavour, gelatine, acidity regulators and intense sweeteners. Does not contain added sugar.","1,564",90.4,0,0,0,0,"1,130"
F005522,"Meringue, all flavours, commercial",A baked dessert with a crisp exterior and chewy interior made from beaten egg whites with added sugar and colours and flavours. Commonly served plain or topped with cream and fruit.,"1,628",2.6,1.4,0.13,90.1,89.4,40
F000396,"Basil, green, fresh, raw","Large, green, oval-shaped, pointed leaves, with a distinct sweet smell and taste. Uncooked.",94,2.6,0.5,0.03,0.2,0,10
F002907,"Chives, raw","Long, thin, flattish, dark green stem which comes to a point at the top. Uncooked.",124,1.5,0.3,0,2.6,2.6,7
F003192,"Coriander, fresh, raw",Fresh leaves and stems of the coriander plant. Uncooked.,133,3.1,0.6,0.02,1.9,1.2,45
F003509,"Dill, fresh, raw","Fresh slender stems with fine threadlike leaves, with a distinct sweet smell and taste. Uncooked.",171,3.4,1.2,0.06,2.5,1.2,42
F010451,"Marjoram, fresh, raw",Fresh leaves of origanum majorana which have a sweet pine and citrus flavour.,397,3.3,5.9,2.72,0.6,0.4,26
F005700,"Mint, fresh, raw","Fresh medium sized green leaves, with a distinct sweet smell and taste. Uncooked.",226,3.1,1.1,0.26,4.4,0.9,28
F010452,"Oregano, fresh, raw",A woody herb with fragrant needle-like green leaves on small stalks. Uncooked.,397,3.3,5.9,2.72,0.6,0.4,26
F006321,"Parsley, continental, fresh, raw",Long stemmed herb with large flat bright green leaves. Uncooked.,151,3.9,0.7,0,1.1,1,150
F006322,"Parsley, curly, fresh, raw",Long stemmed herb with bright green frilly leaves. Uncooked.,98,1.9,0.2,0,0.4,0.4,48
F007716,"Rosemary, fresh, raw",A woody herb with fragrant needle-like green leaves on small stalks. Uncooked.,397,3.3,5.9,2.72,0.6,0.4,26
F010439,"Sage, fresh, raw",A herb with a woody stem and fragrant greyish leaves.,397,3.3,5.9,2.72,0.6,0.4,26
F010466,"Thyme, fresh, raw",An aromatic herb with small green leaves which grow in clusters on thin stems.,288,5.6,1.7,0,1.1,1,150
F000144,"Artichoke, globe, raw","The unopened flower bud of a thistle with gold-green to purple coloured leaves surrounding a hairy inedible choke, on top of an edible heart. Round to conical in shape. Edible portion comprises lower part of leaves and heart. Uncooked.",147,2.8,0.2,0,1.3,0.9,6
F000142,"Artichoke, globe, boiled, drained","The unopened flower bud of a thistle with gold-green to purple coloured leaves surrounding a hairy inedible choke, on top of an edible heart. Round to conical in shape. Lower leaves and heart boiled in unsalted water without added fat, then drained.",173,3.3,0.2,0,1.5,1,7
F000146,"Artichoke, jerusalem, peeled, raw","Yellow-beige tuber or root with short knobbly, club shaped branches. Uncooked and peeled.",300,2.1,0.1,0,13.5,2.7,5
F000145,"Artichoke, jerusalem, peeled, boiled, drained","Yellow-beige tuber or root with short knobbly, club shaped branches. Peeled and boiled in unsalted water without added fat, then drained.",323,2.2,0.1,0,14.5,2.9,5
F000141,"Artichoke heart, canned in brine, drained","Central edible portion of the unopened flower bud, with tightly wrapped leaves gold-green to purple in colour. Canned in brine, then drained.",107,1.9,0.3,0,1.2,1.1,280
F000155,"Asparagus, green, raw",Long crisp green stem with a fragile feathery tip. Uncooked.,90,2.5,0.1,0,1.4,1.4,2
F000151,"Asparagus, green, boiled, drained","Long crisp green stem with a fragile feathery tip, boiled in unsalted water without added fat, then drained.",106,2.9,0.1,0,1.6,1.6,2
F000153,"Asparagus, green, fresh or frozen, baked, roasted, stir-fried or fried, grilled or BBQ'd, no added fat","Long crisp green stem with a fragile feathery tip, baked, roasted, stir-fried or fried, grilled or BBQ'd without added fat.",110,3,0.1,0,1.7,1.7,2
F000149,"Asparagus, canned in brine, drained","Long crisp green stem with a fragile feathery tip cut into pieces, canned in brine, then drained.",106,1.9,0.1,0,1.5,1.5,240
F000162,"Avocado, hass, raw","Almost pear shaped, with a green to black shiny skin and a delicate yellow flesh with a green outer hue. Uncooked.",653,1.6,14.6,2.14,2.2,0,8
F010994,"Avocado, shepard, raw","Almost pear shaped fruiting vegetable, with a smooth, shiny, glossy-green skin and firm yellow flesh with a green outer hue. Uncooked.",640,1.6,14.6,4.26,2.2,0,2
F000253,"Bamboo shoot, canned in water, heated, drained","Tender young shoots of an edible bamboo plant, cream in colour with a fibrous texture. Sliced and canned in water. Heated in own juice, then drained.",58,0.8,0,0,1.3,0.8,10
F000431,"Bean, green, fresh, raw","Long, thin, green, crisp pod with small, round, smooth seeds inside. Uncooked.",109,1.8,0,0,3.3,2.6,0
F000430,"Bean, green, fresh, boiled, drained","Long, thin, green, crisp pod with small round smooth seeds inside. Trimmed, sliced, and boiled in unsalted water without added fat, then drained.",117,1.9,0,0,3.5,2.8,0
F000434,"Bean, green, frozen, boiled, drained","Long, thin, green, crisp pod with small round smooth seeds inside sliced and commercially packaged frozen. Boiled at home in unsalted water without added fat, then drained.",110,1.4,0.2,0,2.8,1.3,2
F000428,"Bean, green, fresh, cooked, no added fat","Long, thin, green, crisp pod with small round smooth seeds inside. Cooked by baking, roasting, frying, stir-frying, grilling or BBQ'ing without added fat.",128,2.1,0,0,3.9,3,0
F001015,"Beetroot, fresh, purple, peeled, raw",Rounded root vegetable with dark brown-purple skin and stems and purple flesh. Edible portion comprises flesh only. Uncooked.,244,2,0.6,0,9.4,9.3,32
F001013,"Beetroot, fresh, purple, peeled, baked, no added fat",Rounded root vegetable with dark brown-purple skin and stems and purple flesh. Chopped and baked without added fat.,298,2.4,0.7,0,11.4,11.3,38
F001014,"Beetroot, fresh, purple, peeled, boiled, drained","Rounded root vegetable with dark brown-purple skin and stems and purple flesh. Flesh boiled in unsalted water without added fat, then drained.",263,2.1,0.6,0,10,10,32
F001010,"Beetroot, canned in brine, drained","Whole or sliced beetroots that has been boiled and canned in an acidified salted brine, then drained.",192,1.2,0,0,8.7,8.7,220
F001301,"Bok choy, raw","Asian vegetable with white to pale green coloured stems, and rounded, dark-green leaves. Uncooked.",80,2.5,0.2,0,0.6,0.6,57
F001300,"Bok choy, fried, no added fat","Asian vegetable with white to pale green coloured stems, and rounded, dark-green leaves. Fried without added fat.",114,3.6,0.3,0,0.8,0.8,81
F001302,"Bok choy, steamed","Asian vegetable with white to pale green coloured stems, and rounded, dark-green leaves. Boiled in unsalted water without added fat, then drained.",83,2.6,0.2,0,0.6,0.6,56
F001905,"Broccoli, fresh, raw","Deep green flower clusters which form the head, and pale green stems. Uncooked.",138,4,0.4,0,1.2,1.2,20
F001904,"Broccoli, fresh, microwaved",Deep green flower clusters which form the head with pale green stems. Purchased fresh then  microwaved without added salt or fat.,113,3.2,0.4,0,1.3,1.3,13
F001900,"Broccoli, fresh, boiled, drained","Deep green flower clusters which form the head with pale green stems. Boiled, microwaved or steamed in unsalted water without added fat, then drained",101,2.9,0.3,0.07,1.2,1.1,13
F001899,"Broccoli, fresh, baked, no added fat","Deep green flower clusters which form the head, and pale green stems. Fresh. Chopped and baked without added fat.",168,4.9,0.4,0,1.4,1.4,24
F001909,"Broccolini, fresh, raw","Deep green flower clusters which form the head, and pale green stems. Uncooked.",123,3.2,0.4,0,2,1.3,16
F001908,"Broccolini, fresh, boiled, drained","Deep green flower clusters which form the head with pale green stems. Boiled in unsalted water without added fat, then drained",128,3.3,0.4,0,2.1,1.4,16
F001914,"Brussels sprout, fresh, raw",Layers of small green leaves with white stems wrapped around a white base. Uncooked.,188,3.8,0.3,0,4.2,3.4,31
F001913,"Brussels sprout, fresh, boiled, drained","Layers of small green leaves with white stems wrapped around a white base. Boiled in unsalted water without added fat, then drained.",196,4,0.3,0,4.3,3.6,31
F011003,"Brussels sprout, fresh, baked, no added fat","Layers of small green leaves with white stems wrapped around a white base. Baked, roasted, stir-fried, fried, grilled or BBQ'd, with no added oil or fat.",209,4.2,0.4,0,4.6,3.8,34
F001996,"Cabbage, Chinese, raw","Large and cylindrical in shape, with layers of tightly packed leaves. Each leaf has a long, fleshy, thick white stem and mid-green colour leaves. Uncooked.",45,1.1,0,0,0.9,0.9,6
F001993,"Cabbage, Chinese, boiled, drained","Large and cylindrical in shape, with layers of tightly packed leaves. Each leaf has a long, fleshy, thick white stem and mid-green colour leaves. Chopped and cooking by boiling in unsalted water then draining, by microwaving, or by steaming.",47,1.1,0,0,0.9,0.9,6
F001990,"Cabbage, Chinese flowering, raw",Leafy vegetable with long pale to mid green stem with rounded pale and mid green leaves and flowers. Uncooked.,72,1.3,0.3,0,0.9,0.8,13
F001988,"Cabbage, Chinese flowering, boiled, drained","Leafy vegetable with long pale to mid green stem with rounded pale and mid green leaves and flowers. Chopped and cooking by boiling in unsalted water then draining, by microwaving, or by steaming.",75,1.4,0.3,0,0.9,0.8,13
F001998,"Cabbage, mustard, raw","Plant with thick, pale green, grooved, curving stems with a small fringe of deeper green leaf along the edges and across the top of stems. Uncooked.",78,2.3,0.3,0,0.7,0.7,3
F001997,"Cabbage, mustard, boiled, drained","Plant with thick, pale green, grooved, curving stems with a small fringe of deeper green leaf along the edges and across the top of stems. Chopped and cooking by boiling in unsalted water then draining, by microwaving, or by steaming.",82,2.4,0.3,0,0.7,0.7,3
F002000,"Cabbage, pickled (sauerkraut)","Fermented cabbage, preserved in brine in a can or jar, then drained.",103,1.2,0.2,0,3.3,1.1,549
F002006,"Cabbage, red, raw","Large, smooth and round in shape, with layers of tightly packed purple-red coloured leaves. Uncooked.",132,2.2,0.3,0,3.2,3.2,16
F002003,"Cabbage, red, boiled, drained","Large, smooth and round in shape, with layers of tightly packed purple-red coloured leaves. Leaves chopped and boiled in unsalted water without added fat, then drained.",137,2.3,0.3,0,3.3,3.3,16
F002010,"Cabbage, savoy, raw","Round in shape, with tightly packed green wrinkled layers of leaves. Uncooked.",92,1.7,0.1,0,2.3,2.3,23
F002009,"Cabbage, savoy, boiled, drained","Round in shape, with tightly packed green wrinkled layers of leaves. Chopped and boiled in unsalted water without added fat, then drained.",96,1.8,0.1,0,2.4,2.4,23
F002015,"Cabbage, white, raw","Round in shape, with tightly packed layers of leaves. Uncooked.",105,1.2,0,0,3.8,3.8,16
F002014,"Cabbage, white, boiled, drained","Round in shape, with tightly packed layers of leaves. Shredded, then boiled in unsalted water without added fat, then drained.",109,1.2,0,0,3.9,3.9,15
F002239,"Capsicum, green, fresh, raw","A shiny green vegetable with crisp, moist flesh. Hollow with a seeded core. Uncooked.",72,0.9,0,0,2.5,2.5,1
F002238,"Capsicum, green, fresh, fried, no added fat","A shiny green vegetable with crisp, moist flesh. Hollow with a seeded core. Chopped and fried without added fat.",80,1,0,0,2.8,2.8,1
F002247,"Capsicum, red, fresh, raw","A shiny red vegetable with crisp, moist flesh. Hollow with a seeded core. Uncooked.",120,1.1,0.4,0,4.4,4.4,3
F002246,"Capsicum, red, fresh, fried, no added fat","A shiny red vegetable with crisp, moist flesh. Hollow with a seeded core. Chopped and fried without added fat.",134,1.2,0.4,0,4.9,4.9,3
F010259,"Capsicum, yellow, fresh, raw","A shiny yellow vegetable with crisp, moist flesh. Hollow with a seeded core. Uncooked.",122,1.1,0.4,0,4.3,4.3,2
F002266,"Carrot, baby, peeled, fresh, raw",Crisp root vegetable with orange flesh and green leaves/stem. Uncooked.,141,0.7,0.1,0,5.5,5.5,51
F002265,"Carrot, baby, peeled, fresh, boiled, drained","Crisp root vegetable with orange flesh and green leaves/stem. Peeled and boiled in unsalted water without added fat, then drained.",151,0.8,0.1,0,5.9,5.9,52
F002263,"Carrot, baby, baked, no added fat",Crisp root vegetable with orange flesh and green leaves/stem. Baked with no added fat.,153,0.8,0.1,0,6,6,55
F002276,"Carrot, mature, peeled, fresh, raw",Root vegetable with orange flesh and green leaves/stem. Uncooked.,152,0.6,0,0,6.6,6.2,51
F002274,"Carrot, mature, peeled, fresh, baked, no added fat",Crisp root vegetable with orange flesh and green leaves/stem. Peeled and baked without added fat.,186,0.7,0,0,8,7.6,63
F002275,"Carrot, mature, peeled, fresh, boiled, drained","Root vegetable with orange flesh and green leaves/stem. Peeled and boiled in unsalted water without added fat, then drained.",144,1.1,0.3,0,5.1,4.6,67
F002288,"Cassava, white flesh, peeled, fresh, raw","Long, coarse brown tuber, with a fibrous white flesh. Uncooked.",647,0.6,0.3,0,34.1,1.2,2
F002287,"Cassava, white flesh, peeled, fresh, boiled, drained","Long, coarse brown tuber, with a fibrous white flesh. Peeled and boiled in unsalted water without added fat, then drained.",696,0.6,0.3,0,36.7,1.3,2
F002290,"Cassava, yellow flesh, peeled, fresh, raw","Long, coarse brown tuber, with a fibrous yellow flesh. Uncooked.",534,1.6,0.2,0,26.7,1.2,2
F002289,"Cassava, yellow flesh, peeled, fresh, boiled, drained","Long, coarse brown tuber, with a fibrous yellow flesh. Peeled and boiled in unsalted water without added fat, then drained.",574,1.7,0.2,0,28.7,1.3,2
F002378,"Cauliflower, fresh, raw","Tight white flower clusters which form the head, with a white stem. Uncooked.",105,1.9,0.2,0,3.3,2.8,40
F002377,"Cauliflower, fresh, boiled, drained","Tight white flower clusters which form the head, with a white stem. Boiled in unsalted water, without added fat, then drained.",109,2,0.2,0,3.4,2.9,40
F002374,"Cauliflower, fresh, baked, no added fat","Tight white flower clusters which form the head, with a white stem. Baked, roasted, fried, stir-fried, grilled or BBQ'd without added fat.",128,2.3,0.2,0,4,3.4,49
F002384,"Celeriac, peeled, raw","A thick tuberous root with brown skin and white flesh, with a celery like flavour. Uncooked.",148,1.6,0.2,0,2.8,2.8,21
F002383,"Celeriac, peeled, boiled, drained","A thick tuberous root with brown skin and white flesh, with a celery like flavour. Peeled, chopped, and boiled in unsalted water without added fat, then drained.",159,1.7,0.2,0,3,3,21
F002390,"Celery, fresh, raw",A green upright vegetable with long stems and green leafy ends.,68,0.6,0.1,0,1.8,1.8,90
F002389,"Celery, fresh, fried, no added fat",A green upright vegetable with long stems and green leafy ends. Chopped and fried without added fat.,83,0.8,0.1,0,2.1,2.1,110
F002884,"Chicory, raw","A leafy vegetable with long white leaves, typically used in salads, stews and casseroles. Uncooked.",68,1.8,0.2,0,0.8,0.7,36
F002883,"Chicory, boiled, drained","A leafy vegetable with long white leaves, typically used in salads, stews and casseroles. Boiled in unsalted water without added fat, then drained.",80,2.1,0.2,0,0.9,0.8,40
F002896,"Chilli (chili), green, raw","A long thin shiny green vegetable with crisp, moist flesh. Hollow with a seeded core. Uncooked.",183,2.8,0.3,0,1,1,4
F002894,"Chilli (chili), green, fried, no added fat","A long thin shiny green vegetable with crisp, moist flesh. Hollow with a seeded core. Sliced and fried without added fat.",204,3.1,0.3,0,1.1,1.1,4
F002901,"Chilli (chili), red, raw","A long thin shiny red vegetable with crisp, moist flesh. Uncooked.",200,1.4,0.7,0,4.8,4.8,3
F002900,"Chilli (chili), red, fried, no added fat","A long thin shiny red vegetable with crisp, moist flesh. Hollow with a seeded core. Sliced and fried without added fat.",222,1.6,0.8,0,5.3,5.3,3
F002949,"Choko, peeled, fresh, raw","Pear-shaped green vegetable which grows on a vine and has a single soft seed, and pear-textured pale green flesh. Peeled and uncooked.",90,0.5,0.2,0,3.6,3.1,8
F002948,"Choko, peeled, fresh, boiled, drained","Pear-shaped green vegetable which grows on a vine and has a single soft seed, and pear-textured pale green flesh. Cooked.",107,0.6,0.2,0,4.3,3.7,9
F003209,"Corn, fresh on cob, raw","The round, yellow kernels of maize formed on an ear which is surrounded by a green husk. Uncooked kernels from a cob.",374,3.6,1.8,0.43,12.5,5.4,19
F003200,"Corn, fresh on cob, boiled, drained","The round, yellow kernels of maize formed on an ear which is surrounded by a green husk. Boiled on the cob in unsalted water, without added fat, then drained.",390,3.8,1.9,0.45,13,5.6,19
F003213,"Sweetcorn, fresh or frozen on cob, baked, roasted, fried, stir-fried, grilled or BBQ'd, no added fat","The round, yellow kernels of maize formed on an ear which is surrounded by a green husk. Kernels fresh or frozen. Cooked by baking, roasting, frying, stir-frying, grilling or BBQ'ing without added fat.",416,4,2,0.48,13.9,6,21
F003202,"Corn, kernels, purchased frozen, raw",Corn kernels purchased frozen separated from cob. Uncooked.,394,3,0.9,0.24,16.8,3,5
F003201,"Corn, kernels, purchased frozen, boiled, drained","Corn kernels purchased frozen separated from cob. Boiled in unsalted water, without added fat, then drained.",455,3.1,0.9,0.24,19.9,2.6,8
F003204,"Corn, baby, canned, heated, drained","Baby (miniature) corn on the cob, purchased canned in brine. Gently heated in packing liquid, then drained.",107,1.6,0.2,0,2.5,1.6,182
F003207,"Corn, creamed, canned, heated","Coarsely pureed sweetcorn kernels with added thickener (maize starch), salt, sugar and water. Purchased canned then heated.",296,2,1.1,0,11.2,5.1,218
F003220,"Corn, kernels, canned in brine, drained","Corn kernels purchased canned with added water, sugar, salt, mineral salt, then drained.",394,2.9,1,0.25,16.8,3.5,170
F003319,"Cucumber, common, peeled, raw",Long and cylindrical in shape with dark green skin and white flesh with a crisp texture. Peeled and uncooked.,53,0.4,0.1,0,2.1,2.1,21
F003320,"Cucumber, common, unpeeled, raw",Long and cylindrical in shape with dark green skin and white flesh with a crisp texture. Unpeeled and uncooked.,52,0.8,0.1,0,1.2,1.2,10
F010995,"Cucumber, Lebanese, peeled, raw",Long and cylindrical fruiting vegetable with dark green skin and white flesh with a crisp texture. Peeled and uncooked.,50,0.7,0,0,1.9,1.8,6
F003321,"Cucumber, Lebanese, unpeeled, raw",Long and cylindrical in shape with dark green skin and white flesh with a crisp texture. Unpeeled and uncooked.,47,0.7,0,0,1.8,1.7,4
F003324,"Cucumber, telegraph, unpeeled, raw",Long and cylindrical in shape with dark green skin and white flesh with a crisp texture. Unpeeled and uncooked.,58,1.2,0.1,0,1.4,1.4,16
F003761,"Eggplant, unpeeled, fresh, raw","A smooth, shiny deep purple-blackish skinned vegetable with a creamy white interior with many small light brown seeds dispersed through the flesh. Uncooked.",89,1,0.2,0,2.6,2.6,7
F003753,"Eggplant, unpeeled, fresh, roasted, no added fat","A smooth, shiny deep purple-blackish skinned vegetable with a creamy white interior with many small light brown seeds dispersed through the flesh. Cooked by baking, roasting, grilling or BBQ'ing without added fat.",139,1.4,0.2,0,4.2,4.2,12
F003784,"Endive, fresh, raw","A salad leaf vegetable made up of rosette of green curly leaves, darker at tips and lighter in the centre. Uncooked.",59,1.5,0.2,0,0.4,0.3,76
F003820,"Fennel, fresh, raw","A light green coloured, short, bulbous, aniseed flavoured celery-like shoot. Its feathery green leaves are used as a herb and its seeds are used in bread, pastries, pasta and pickles. Uncooked.",97,1,0.1,0,3.3,3.3,38
F003819,"Fennel, fresh, boiled, drained","A light green-coloured, short, bulbous, aniseed flavoured celery-like shoot. Boiled in unsalted water without added fat, then drained.",114,1.2,0.1,0,3.9,3.9,42
F004193,"Garlic, peeled, fresh, raw","Bulb made up of segments called cloves, covered by a papery shell. Uncooked.",526,6.1,2.8,0.78,10.2,1.5,8
F004192,"Garlic, peeled, fresh, fried, no added fat","Bulb made up of segments called cloves, covered by a papery shell. Fried without added fat.",848,9.8,4.5,1.26,16.4,2.4,13
F004206,"Gherkin, pickled, drained, commercial","Small whole cucumbers, known as gherkins, pickled in acidified brine, then drained.",462,0.4,0.3,0,24.4,23.6,520
F006638,"Pickles, mustard, sweet, commercial","Thick, tangy preserve made from vegetables (such as onion, cauliflower, cucumber) pickled in a sweetened brine with added mustard.",360,0.8,0.5,0.02,17.5,14.7,620
F004213,"Ginger, peeled, fresh, raw",Thick tuberous vegetable with brown skin and pale yellow flesh. Uncooked.,134,0.8,0.4,0,4.8,1.7,11
F004212,"Ginger, peeled, fresh, fried, no added fat",Thick tuberous vegetable with brown skin and pale yellow flesh. Fried without added fat.,163,1,0.5,0,5.8,2.1,13
F004781,"Kale, raw","A loose-leafed edible vegetable derived from the Brassicaceae family. The elongated leaves with wavy to frilled margins are typically blue-green in colour but can also be light green or purple, depending on the variety.",109,3.3,0,0,0.3,0.3,86
F004780,"Kale, fried, no added fat","A loose-leafed edible vegetable derived from the Brassicaceae family. The elongated leaves with wavy to frilled margins are typically blue-green in colour but can also be light green or purple, depending on the variety. Dry fried without the addition of fat. ",156,4.7,0,0,0.4,0.4,122
F004820,"Kohlrabi, peeled, fresh, raw","A round, turnip like, purple or light green globe, with several stalks that sprout green leaves. Peeled and uncooked.",168,3.7,0.1,0,4.2,4.2,16
F004819,"Kohlrabi, peeled, fresh, boiled, drained","A round, turnip like, purple or light green globe, with several stalks that sprout green leaves. Peeled and boiled in unsalted water, without added fat, then drained.",175,3.8,0.1,0,4.4,4.4,16
F005164,"Leek, fresh, raw","Long and cylindrical in shape, with thick white stalks and green fan-shaped leaves. Uncooked.",176,1.6,0.2,0,6.7,4.1,12
F005163,"Leek, fresh, fried, no added fat","Long and cylindrical in shape, with thick white stalks and green fan-shaped leaves. Fried without added fat.",212,2,0.2,0,8.1,4.9,14
F005162,"Leek, fresh, boiled, drained","Long and cylindrical in shape, with thick white stalks and green fan-shaped leaves. Boiled in unsalted water, without added fat, then drained.",196,1.8,0.2,0,7.4,4.6,12
F005191,"Lettuce, cos, raw","Green, crisp, elongated leaves, tightly wrapped to form an elongated head. Uncooked.",74,1.2,0.2,0,1.8,1.8,16
F005192,"Lettuce, iceberg, raw","Round in shape, with packed layers of crisp green leaves. Uncooked.",63,1,0,0,2.1,2.1,12
F005193,"Lettuce, mignonette, raw","Round in shape, with curled layers of crisp leaves which vary in colour from green to deep red/purple. Uncooked.",65,1.3,0.3,0,1.1,1.1,18
F005513,"Melon, bitter, fresh, raw",Cylindrically shaped fruiting vegetables that turns orange to red in colour when ripe. The raw flesh is bitter tasting. Uncooked.,46,0.9,0,0,0.2,0.1,3
F005514,"Melon, hairy, fresh, raw","A long, thin, green fruiting vegetable with a smooth waxy rind covered in short fine hairs. Uncooked.",63,0.7,0,0,2,1.7,2
F009788,"Mixed leafy greens, pre-packaged, all types",A mixture of red and green vegetable leaves including lettuce and baby spinach. Uncooked. ,55,2.2,0,0,0,0,91
F005946,"Mushroom, common, fresh, raw","Cultivated mushrooms that are cream in colour with brown gills, a rounded cap and thick stem and varying in size. It includes mushrooms described as button and flat. Uncooked.",105,2.2,0.8,0.16,0.8,0.8,7
F005943,"Mushroom, common, fresh or frozen, boiled, microwaved or steamed, drained","Cultivated fungus, cream in colour with brown gills, a rounded cap and a thick stem. Includes mushrooms described as button and flat. Cooked by boiling, microwaving or steaming in unsalted water, then drained. ",159,3.4,1.2,0.24,1.1,1.1,11
F005945,"Mushroom, common, fresh, fried, no added fat","Cultivated mushrooms that are cream in colour with brown gills, a rounded cap and thick stem. Vary in size and includes mushrooms described as button and flat. Baked, roasted, fried, stir-fried, grilled or BBQ'd without added fat.",211,5,1.4,0.28,3.1,3.1,11
F005949,"Mushroom, common, vitamin D enhanced, fresh, raw","Cultivated vitamin D enriched mushrooms that are cream in colour with brown gills, a rounded cap and thick stem. Vary in size and includes mushrooms described as button and flat. Uncooked.",77,2.2,0.4,0.08,0,0,9
F005936,"Mushroom, canned in brine, drained","Small mushrooms or champignons, canned in water or brine, then drained.",90,2.7,0.5,0.1,0.5,0.5,286
F005948,"Mushroom, common, vitamin D enhanced, fresh, fried, no added fat","Cultivated, vitamin D enriched mushrooms that are cream in colour with brown gills, a rounded cap and thick stem. Vary in size and includes mushrooms described as button and flat. Fried without added fat.",137,4,0.7,0.14,0,0,15
F005950,"Mushroom, dried","Dried mushrooms, commonly sold sliced for reconstitution prior to use.","1,232",26.4,9.4,1.85,8.8,8.8,88
F006195,"Okra, raw","Short, thin, green seed pod with pronounced ridges running from stem to tip. Uncooked.",114,3.1,0.2,0.06,1.4,1.4,2
F006194,"Okra, boiled, drained","Short, thin, green seed pod with pronounced ridges running from stem to tip. Cooked without added fat.",122,3.3,0.2,0.06,1.5,1.5,2
F006198,"Olive, green or black, drained","Pickled fruit of the olive tree, preserved in brine and/or oil, then drained.",868,2.2,21.7,2.71,0,0,"1,460"
F006199,"Olive, green, pimento stuffed, drained","Green olives pickled in brine, stuffed with pimento capsicums, then drained.",470,0.5,10.5,1.48,2.1,0,"1,263"
F006225,"Onion, mature, brown skinned, peeled, raw",A bulb with thin outer layers of brown skin and layers of white flesh tightly wrapped together. Edible portion includes flesh only. Uncooked.,161,1.3,0,0,6.9,5.8,8
F006224,"Onion, mature, brown skinned, peeled, fresh, fried, no added fat",A bulb with thin outer layers of brown skin and layers of white flesh tightly wrapped together. Peeled and fried without added fat.,260,2.1,0,0,11.1,9.4,12
F009800,"Onion, mature, red skinned, raw",A bulb with thin outer layers of red skin and layers of white or pink flesh tightly wrapped together. Edible portion includes flesh only. Uncooked.,141,0.8,0,0,6.6,5.5,5
F009820,"Onion, mature, red skinned, peeled, fried, no added fat",A bulb with thin outer layers of red skin and layers of white or pink flesh tightly wrapped together. Peeled and fried without added fat.,227,1.2,0,0,10.6,8.9,8
F006243,"Onion, mature, white skinned, peeled, fresh, raw",A bulb with thin outer layers of white skin and layers of white flesh tightly wrapped together. Edible portion includes flesh only. Uncooked.,163,1.7,0.1,0,6.4,4.7,8
F006245,"Onion, pickled, drained, commercial","Small onions commercially pickled in a sweetened brine, then drained.",270,0.5,0.2,0,13,12.3,790
F006250,"Onion, spring, fresh, raw",Small white immature onion with long thin green stalks. Uncooked.,132,1.7,0.2,0,4.6,4.5,13
F006249,"Onion, spring, fresh, fried, no added fat",Small white onion with long thin green stalks. Fried without added fat.,212,2.7,0.3,0,7.4,7.2,21
F006328,"Parsnip, peeled, fresh, raw",A white root vegetable shaped like a carrot. Peeled and uncooked.,253,1.6,0.4,0,10.1,5.6,17
F006326,"Parsnip, peeled, fresh, baked, no added fat","A white root vegetable shaped like a carrot. Peeled, chopped and baked without added fat.",308,2,0.5,0,12.3,6.8,21
F006327,"Parsnip, peeled, fresh, boiled, drained","A white root vegetable shaped like a carrot. Peeled, chopped and boiled in unsalted water without added fat, then drained.",272,1.8,0.4,0,10.9,6,17
F006536,"Pea, green, fresh, raw",A small round green seed. Uncooked.,326,6.5,0.5,0,8.4,3.4,1
F006535,"Pea, green, fresh, boiled, drained","A fresh small round green seed. Boiled in unsalted water without added fat, then drained.",253,4.8,0.4,0,6.4,2.7,1
F006530,"Pea, green, canned, cooked, drained","Small, round, green seed from a pea pod. Purchased canned, heated in packing liquid, then drained.",311,5.4,0.5,0,8.5,3.7,230
F006538,"Pea, green, frozen, boiled, drained","A small round green seed, purchased commercially frozen. Boiled at home in unsalted water, without added fat, then drained.",263,5.2,0.3,0,6.4,2.5,3
F007247,"Potato, coliban, peeled, raw","Round in shape, with a smooth whitish skin. Peeled and uncooked.",245,2,0,0,11.5,1,4
F007244,"Potato, coliban, peeled, baked, no added fat","Round in shape, with a smooth whitish skin. Peeled, chopped and baked without added fat.",371,3,0,0,17.4,1.5,7
F007245,"Potato, coliban, peeled, boiled, drained","Round in shape with a whitish skin. Peeled and boiled in unsalted water, without added fat, then drained.",234,1,0,0,11.6,0,10
F007254,"Potato, desiree, peeled, raw","Round in shape, with a pink to red smooth skin and a creamy yellow flesh. Peeled and uncooked.",244,2.3,0,0,10.7,1.7,5
F007250,"Potato, desiree, peeled, baked, no added fat","Round in shape, with a pink to red smooth skin and a creamy yellow flesh. Peeled, chopped and baked without added fat.",369,3.5,0,0,16.2,2.6,8
F007252,"Potato, desiree, peeled, boiled, drained","Round in shape, with a pink to red smooth skin and a creamy yellow flesh. Peeled and boiled in unsalted water, without added fat, then drained.",248,2.3,0,0,10.9,1.7,5
F007308,"Potato, new, peeled, raw","Immature potatoes, small and round in shape with a flimsy, parchment-like skin. Peeled and uncooked.",274,2.3,0.1,0,12.8,0.6,3
F007305,"Potato, new, peeled, baked, no added fat","Immature potatoes, small and round in shape with a flimsy, parchment-like skin. Peeled and baked without added fat.",415,3.5,0.2,0,19.4,0.8,4
F007306,"Potato, new, peeled, boiled, drained","Immature potatoes, small and round in shape with a flimsy, parchment-like skin. Peeled and boiled in unsalted water, without added fat, then drained.",282,2.5,0.1,0,12.8,0.4,3
F007325,"Potato, pale skin, peeled, raw","Round in shape, with a smooth whitish skin. Peeled and uncooked.",245,2,0,0,11.5,1,4
F007320,"Potato, pale skin, peeled, boiled, drained","Round in shape with a whitish skin. Peeled and boiled in unsalted water, without added fat, then drained.",259,1.5,0.1,0,12.1,0.3,8
F007314,"Potato, pale skin, peeled, baked, no added fat","Round in shape, with a smooth whitish skin. Peeled, halved and baked without added fat.",371,3,0,0,17.4,1.5,7
F007361,"Potato, pontiac, peeled, raw","Round in shape, with a pink to red smooth skin and a creamy yellow flesh. Peeled and uncooked.",279,2.4,0.1,0,12.6,0.7,2
F007358,"Potato, pontiac, peeled, baked, no added fat","Round in shape, with a pink to red smooth skin and a creamy yellow flesh. Peeled and baked without added fat.",423,3.6,0.2,0,19.1,1.1,3
F007359,"Potato, pontiac, peeled, boiled, drained","Round in shape, with a pink to red smooth skin and a creamy yellow flesh. Peeled and boiled in unsalted water, without added fat, then drained.",285,2.4,0.1,0,12.8,0.7,2
F007368,"Potato, red skin, peeled, raw","Round in shape, with a pink to red smooth skin and a creamy yellow flesh. Peeled and uncooked.",244,2.3,0,0,10.7,1.7,5
F007364,"Potato, red skin, peeled, baked, no added fat","Round in shape, with a pink to red smooth skin and a creamy yellow flesh. Peeled and baked without added fat.",369,3.5,0,0,16.2,2.6,8
F007366,"Potato, red skin, peeled, boiled, drained","Round in shape, with a pink to red smooth skin and a creamy yellow flesh. Peeled and boiled in unsalted water, without added fat, then drained.",299,2,0,0,14.2,0.2,11
F007386,"Potato, sebago, peeled, raw","Round in shape, with a smooth whitish skin. Peeled and uncooked.",305,2.5,0.2,0,13.8,0.4,4
F007383,"Potato, sebago, peeled, baked, no added fat","Round in shape, with a smooth whitish skin. Peeled, chopped and baked without added fat.",462,3.8,0.2,0,20.8,0.7,7
F007384,"Potato, sebago, peeled, boiled, drained","Round in shape, with a smooth whitish skin. Peeled and boiled in unsalted water, without added fat.",305,2.5,0.4,0,13.1,1,8
F007535,"Pumpkin, butternut, peeled, fresh, raw","Shaped like an elongated pear, with a golden brown, hard skin and deep orange flesh. Peeled and uncooked.",195,2.1,0.6,0.14,6.9,5.2,1
F007533,"Pumpkin, butternut, peeled, fresh, baked, no added fat","Shaped like an elongated pear, with a golden brown, hard skin and deep orange flesh. Peeled, chopped and baked without added fat.",230,2.5,0.7,0.16,8.1,6.1,1
F007534,"Pumpkin, butternut, peeled, fresh, boiled, drained","Shaped like an elongated pear, with a golden brown, hard skin and deep orange flesh. Peeled, chopped and boiled in unsalted water, without added fat, then drained.",204,2.2,0.6,0.14,7.2,5.4,1
F007540,"Pumpkin, golden nugget, peeled, fresh, raw","A small, round pumpkin with orange-red skin and bright orange flesh. Peeled and uncooked.",127,2.2,0.3,0,4,2.6,1
F007538,"Pumpkin, golden nugget, peeled, fresh, baked, no added fat","A small, round pumpkin with orange-red skin and bright orange flesh. Peeled and baked without added fat.",149,2.6,0.4,0,4.7,3,1
F007539,"Pumpkin, golden nugget, peeled, fresh, boiled, drained","A small, round pumpkin with orange-red skin and bright orange flesh. Peeled, chopped and boiled in unsalted water, without added fat, then drained.",132,2.3,0.3,0,4.2,2.7,1
F007545,"Pumpkin, jarrahdale, peeled, fresh, raw","A large, round pumpkin, with a hard, ribbed, slate-blue to grey skin and bright orange flesh. Peeled and uncooked.",109,0.7,0.1,0,4.3,4.3,0
F007543,"Pumpkin, jarrahdale, peeled, fresh, baked, no added fat","A large, round pumpkin, with a hard, ribbed, slate-blue to grey skin and bright orange flesh. Peeled, chopped and baked without added fat.",128,0.8,0.1,0,5,5,0
F007544,"Pumpkin, jarrahdale, peeled, fresh, boiled, drained","A large, round pumpkin, with a hard, ribbed, slate-blue to grey skin and bright orange flesh. Peeled, chopped and boiled in unsalted water, without added fat, then drained.",114,0.7,0.1,0,4.5,4.5,0
F011004,"Pumpkin, kent/jap, peeled, fresh, raw","Usually round in shape with a hard ribbed green-grey skin with yellow to orange strips and speckles, and orange flesh. Peeled, deseeded and uncooked.",119,1,0.3,0,4.3,3.8,0
F010998,"Pumpkin, kent/jap, peeled, fresh, boiled, drained, no added fat","Usually round in shape with a hard ribbed green-grey skin with yellow to orange strips and speckles, and orange flesh. Peeled, deseeded and boiled without added fat or oil.",124,1,0.3,0,4.5,4,0
F011005,"Pumpkin, kent/jap, peeled, fresh, baked, no added fat","Usually round in shape with a hard ribbed green-grey skin with yellow to orange strips and speckles, and orange flesh. Peeled, deseeded and then baked without added fat or oil",140,1.2,0.4,0,5,4.5,0
F007559,"Pumpkin, Queensland blue, peeled, fresh, raw","A medium sized pumpkin with blossom and stem ends flattened. It is deeply ribbed, hard slate grey skin with a yellow-orange flesh. Peeled and uncooked.",213,2,0.3,0,8.4,4.9,2
F007557,"Pumpkin, Queensland blue, peeled, fresh, baked, no added fat","A medium sized pumpkin with blossom and stem ends flattened. It is deeply ribbed, hard slate grey skin with a yellow-orange flesh. Peeled, chopped and baked without added fat.",251,2.4,0.4,0,9.9,5.8,2
F007558,"Pumpkin, Queensland blue, peeled, fresh, boiled, drained","A medium sized pumpkin with blossom and stem ends flattened. It is deeply ribbed, hard slate grey skin with a yellow-orange flesh. Peeled, chopped and boiled in unsalted water, without added fat, then drained.",222,2.1,0.3,0,8.8,5.1,2
F007606,"Radish, red skinned, unpeeled, raw",A red-skinned root vegetable with crisp white flesh. Unpeeled and uncooked.,64,0.8,0.2,0,1.9,1.9,20
F007608,"Radish, white skinned, peeled, raw",A white-skinned root vegetable with crisp white flesh. Peeled and uncooked.,90,0.7,0.3,0,2.9,2.9,28
F007712,"Rocket, fresh, raw","Long, soft green leaves with pronounced lobes and a distinctive peppery taste. Uncooked.",92,3.3,0.3,0,0.3,0.3,47
F007882,"Saltbush, leaf, raw","Native halophyte, with green, almost needle-like leaves on green stems. Uncooked.",139,3.8,0.4,0.1,0.3,0,728
F009852,"Samphire, raw","A succulent with green, fleshy stalks and finger-like leaves, native to Australia. Uncooked. ",185,2.5,0.4,0.11,0.4,0.4,"3,059"
F011013,"Seablite, raw","Native halophyte, with green, almost needle-like leaves on green stems. Uncooked.",78,1.1,0.2,0.06,0.2,0.1,"2,610"
F011012,"Seapurslane, raw","Native halophyte, with reddish-green stems and fleshy, oval-shaped leaves. Uncooked. ",191,1.5,0.3,0.08,3.6,0.4,"1,867"
F008204,"Seaweed, nori, dried","Dried edible seaweed brought in round or square sheets, commonly used for making sushi.","1,266",46.7,4.3,0.88,2.3,0.3,470
F008203,"Seaweed, boiled, drained","Dried edible seaweed that has been boiled in unsalted water, without added fat, then drained.",228,8.4,0.8,0.16,0.4,0,83
F008227,"Shallot, peeled, fresh, raw","Immature onion with a thin cylindrical white base, and long dark green stalks. Uncooked.",111,1.5,0.1,0,3.1,3.1,6
F008226,"Shallot, peeled, fresh, fried, no added fat","Immature onion with a thin cylindrical white base, and long dark green stalks. Fried without added fat.",179,2.4,0.2,0,5,5,9
F008267,"Silverbeet, fresh, raw","Vegetable similar to spinach, with large white stem and frilly dark green leaves. Uncooked.",95,2.1,0.2,0,1.4,1.4,158
F008266,"Silverbeet, fresh, boiled, drained","Vegetable similar to spinach, with large white stem and frilly dark green leaves. Chopped and boiled in unsalted water, without added fat, then drained.",112,2.5,0.3,0,1.7,1.7,176
F008373,"Snow pea, fresh, raw","A flat, green edible pod, containing small, round, green peas. Uncooked.",169,3,0,0,5.7,4,1
F008372,"Snow pea, fresh, fried, no added fat","A long flat green pod, containing small round green peas. Chopped and fried without added fat.",211,3.8,0,0,7.1,5,2
F008371,"Snow pea, fresh, boiled, drained","A long flat green pod, containing small round green peas. Chopped and boiled in unsalted water, without added fat, then drained.",182,3.2,0,0,6.1,4.3,1
F008749,"Spinach, baby, fresh, raw",Leafy vegetable with vivid green leaves. Uncooked.,68,2.8,0,0,0,0,86
F008761,"Spinach, Mature English, fresh, raw","Leafy vegetable with vivid green, slightly crinkled leaves on fine stems. Uncooked.",87,2.4,0.3,0,0.6,0.6,21
F008760,"Spinach, Mature English, fresh, boiled, drained","Leafy vegetable, with vivid green, slightly crinkled leaves on fine stems. Boiled in unsalted water, without added fat, then drained.",102,2.8,0.4,0,0.7,0.7,23
F008763,"Spinach, water, fresh, raw",Leaves and stems of a creeping herbaceous vine. Some varieties have purple stems. Uncooked.,112,2.9,0.5,0,1,0.5,25
F008803,"Sprout, alfalfa, fresh, raw","A very fine, short sprout with a pale green stalk and fresh green tip. Uncooked.",92,3.2,0.3,0,0.5,0.5,39
F008806,"Sprout, bean, fresh, raw","Sprouted from mung bean seeds, long and translucent to white in colour, with a short tapering green sheathed root. Uncooked.",95,3.1,0.1,0,1.6,1,1
F008811,"Squash, button, fresh, raw","Small, rounded vegetable fruit, generally with a yellow skin. Uncooked.",113,2.7,0.2,0,3.2,2.9,1
F008810,"Squash, button, fresh, boiled, drained","Small, rounded vegetable fruit, generally with a yellow skin. Boiled in unsalted water, without added fat, then drained.",134,3.2,0.2,0,3.8,3.4,1
F008813,"Squash, scallopini, fresh, raw","Small, rounded vegetable fruit, generally with a green skin. Uncooked.",86,2.2,0.2,0,2.1,2,9
F008812,"Squash, scallopini, fresh, boiled, drained","Small, rounded vegetable fruit, generally with a green skin. Boiled in unsalted water, without added fat, then drained.",102,2.6,0.2,0,2.5,2.4,10
F009021,"Swede, peeled, fresh, raw",Root vegetable with yellow flesh and pale yellow skin. Peeled and uncooked.,97,0.9,0,0,3.7,3.4,12
F009020,"Swede, peeled, fresh, boiled, drained","Root vegetable with yellow flesh and pale yellow skin. Peeled and boiled in unsalted water, without added fat, then drained.",104,1,0,0,4,3.6,12
F009035,"Sweet potato, orange flesh, peeled, fresh, raw","A long, large tuberous vegetable, with red skin and orange flesh. Peeled and uncooked.",280,1.4,0.2,0,13.2,5.8,6
F010942,"Sweet potato, orange flesh, unpeeled, raw","A long, large tuberous vegetable, with red skin and orange flesh. Unpeeled and uncooked.",280,1.4,0.2,0,13.2,5.8,6
F009033,"Sweet potato, orange flesh, peeled, fresh, baked, no added fat","A long, large tuberous vegetable, with red skin and orange flesh. Peeled, chopped and baked without added fat.",341,1.8,0.2,0,16.1,7.1,7
F009034,"Sweet potato, orange flesh, peeled, fresh, boiled, drained","A long, large tuberous vegetable, with red skin and orange flesh. Peeled, chopped and boiled in unsalted water, without added fat, then drained.",300,1.6,0.2,0,14.2,6.2,6
F010943,"Sweet potato, purple flesh, peeled, raw","A long, large tuberous vegetable, with purple skin and flesh. Peeled and uncooked.",489,1.4,0.2,0,25.5,4.2,6
F010999,"Sweet potato, purple flesh, peeled, baked, no added fat","A long, large tuberous vegetable, with purple skin and flesh. Peeled and baked with no added fat.",597,1.8,0.2,0,31.1,5.1,7
F009037,"Sweet potato, white flesh, peeled or unpeeled, fresh or frozen, baked, roasted, fried, stir-fried, grilled or BBQ'd, no added fat","A long, large tuberous vegetable, with purple or pale skin and pale flesh. Peeled or unpeeled. Cooked by baking or roasting, by frying or stir-frying, or by grilling or BBQ'ing without added fat.",575,1.8,0.2,0,29.5,5.6,38
F009039,"Sweet potato, white flesh, peeled, raw","A long, large tuberous vegetable, with red or orange skin and white flesh. Peeled and uncooked.",471,1.4,0.2,0,24.2,4.6,31
F009094,"Taro, peeled, fresh, raw",Tuber vegetable with a light brown rough skin and a cream to pink flesh. Peeled and uncooked.,472,1.9,0.2,0,23.4,1.1,6
F009093,"Taro, peeled, fresh, boiled, drained","Tuber vegetable with light brown rough skin and cream to pink flesh. Peeled and boiled in unsalted water, without added fat, then drained.",507,2,0.2,0,25.2,1.2,6
F009190,"Tomato, cherry, raw","Small and round or oval in shape, with a bright red shiny skin and red pulp with whitish seeds. Uncooked.",95,0.9,0,0,3.5,3.5,6
F009193,"Tomato, common, raw","Round in shape, with a bright red shiny skin and red pulp and whitish seeds. Uncooked.",77,0.6,0,0,3,2.5,4
F009208,"Tomato, paste, with added salt",A thick red paste made from tomatoes with added salt.,292,3.1,0.3,0,10.4,9.9,630
F009206,"Tomato, paste, no added salt","A thick red paste made from tomatoes, with no added salt",276,3.4,0.5,0,10.1,9.6,36
F009209,"Tomato, puree, commercial",Canned pureed tomatoes with added salt,102,1.2,0.1,0,3.8,3.8,249
F009217,"Tomato, sundried",Tomatoes that have been left out to dry in the sun.,"1,152",11.2,4.6,0.51,35.2,33.9,73
F009222,"Tomato, whole, canned in tomato juice, undrained","Canned whole peeled tomatoes, packed in tomato juice with added salt.",85,0.9,0,0,3,3,52
F009221,"Tomato, whole, canned in tomato juice, drained","Canned, whole peeled tomatoes, packed in tomato juice with added salt, then drained.",93,0.8,0.3,0,3,3,86
F010071,"Tomato, whole, canned in tomato juice, no added salt, undrained","Canned whole peeled tomatoes, packed in tomato juice with no added salt.",85,0.9,0,0,3,3,10
F009340,"Turnip, white, peeled, fresh, raw",A white fleshed root vegetable with purple-flushed white skin. Peeled and uncooked.,98,1.3,0,0,3.4,3.2,24
F009339,"Turnip, white, peeled, fresh, boiled, no added fat","A white fleshed tuber vegetable, with purple-flushed white skin. Peeled, chopped and boiled in unsalted water, without added fat, then drained.",106,1.4,0,0,3.6,3.4,24
F009491,"Vine leaf, grape, canned",Leaf of the grape vine picked and preserved in salt and water. Generally used to make dolmades or dolma.,255,4.3,2,0.36,1.8,1.8,"2,853"
F009512,"Wasabi, root, raw","Edible, raw portion of the Japanese horseradish root. Commonly served fresh in Japanese restaurants, also used to prepare wasabi paste.",435,4.8,0.6,0.08,15.7,8,17
F009514,"Water chestnut, peeled, canned, drained","Water chestnuts that have been canned in water, then drained.",224,0.6,0.9,0.27,9.3,5.1,10
F009532,"Watercress, raw","Leafy vegetable with small green round leaves that have a peppery flavour, commonly used as a salad ingredient.",112,2.9,0.4,0,0.8,0.7,48
F009604,"Yam, wild harvested, cooked",Irregularly shaped tuber with white skin and flesh. Harvested in the wild and cooked without added fat.,449,3.2,0.3,0,20.9,0.5,4
F009775,"Zucchini, green skin, fresh, unpeeled, raw","Variety of zucchini, picked when small. Long and cylindrical in shape with green smooth skin and a cream flesh. Unpeeled or peeled, and uncooked.",72,1,0.2,0,2.2,2.2,0
F009774,"Zucchini, green skin, fresh, unpeeled, fried, no added fat","A variety of summer squash, picked when small. Long and cylindrical in shape with green smooth skin and a cream flesh. Unpeeled, chopped and fried without added fat.",102,1.5,0.2,0,3.1,3.1,1
F009773,"Zucchini, green skin, fresh, unpeeled, boiled, drained","Variety of marrow or summer squash, picked when small. Long and cylindrical in shape with green smooth skin and a cream flesh. Unpeeled, chopped and boiled in unsalted water, without added fat, then drained.",85,1.2,0.2,0,2.6,2.6,1
F009766,"Zucchini, golden, fresh, unpeeled, raw",Variety of squash which has a yellow smooth skin and a cream flesh. Unpeeled and uncooked.,81,2.2,0.3,0,1.1,1.1,1
F009764,"Zucchini, golden, fresh, unpeeled, boiled, drained","Variety of squash which has a yellow smooth skin and a cream flesh. Unpeeled, chopped and boiled in unsalted water, without added fat, then drained.",96,2.6,0.4,0,1.3,1.3,1
F000034,"Acetic acid, food additive (260)","Additive used as an acidifier and/or flavouring agent. 
","1,300",0,0,0,0,0,0
F000035,"Acetylated distarch adipate, food additive (1422)","Additive used as a thickener, stabiliser, binder and/or emulsifier. ","1,350",0,0,0,79.4,0,0
F000057,"Allura red FCF (FD&C red 40), food additive (129), anhydrous",Additive used as red food colouring. Note the anhydrous form of the compound and associated sodium content.,0,0,0,0,0,0,"9,263"
F001890,"Brilliant blue FCF (FD&C blue 1), food additive (133), anhydrous",Additive used as blue food colouring. Note the anhydrous form of the compound and associated sodium content.,0,0,0,0,0,0,"5,799"
F002202,"Calcium disodium EDTA, food additive (385), anhydrous",Additive used as a sequestrant and/or preservative. Note the anhydrous form of the compound and associated sodium content.,0,0,0,0,0,0,"12,285"
F002262,"Carrageenan, food additive (407), anhydrous","Additive used as a thickener, gelling agent, stabiliser and/or glazing agent. Note the anhydrous form of the compound and associated nutrient content.",529,0.2,0.2,0,0,0,"1,473"
F003505,"Dextrin roasted starch, food additive (1400)","Additive used as a thickener, stabiliser, binder and/or emulsifier. ","1,392",0,0,0,81.9,0,0
F003554,"Disodium 5'-guanylate, food additive (627), anhydrous",Additive used as a flavour enhancer. Note the anhydrous form of the compound and associated sodium content.,0,0,0,0,0,0,"11,292"
F003555,"Disodium 5'-inosinate, food additive (631), anhydrous",Additive used as a flavour enhancer. Note the anhydrous form of the compound and associated sodium content.,0,0,0,0,0,0,"11,724"
F003556,"Disodium 5'-ribonucleotides, food additive (635), anhydrous",Additive used as a flavour enhancer. Note the anhydrous form of the compound and associated sodium content.,0,0,0,0,0,0,"11,508"
F003557,"Disodium hydrogen phosphate, food additive (339), anhydrous","Additive used as an emulsifier, texturiser and/or buffer with. Note the anhydrous form of the compound and associated sodium content.",0,0,0,0,0,0,"32,389"
F003558,"Distarch phosphate, food additive (1412)",Additive used as a thickener and/or stabiliser. ,"1,386",0,0,0,81.5,0,0
F003791,"Erythritol, food additive (968)",Additive used as a sugar substitute. ,100,0,0,0,0,0,0
F003792,"Erythrosine (FD&C red 3), food additive (127)",Additive used as red food colouring. ,0,0,0,0,0,0,"5,230"
F003805,"Fast green FCF (FD&C green 3), food additive (143), anhydrous",Additive used as green food colouring. Note the anhydrous form of the compound and associated sodium content.,0,0,0,0,0,0,"5,684"
F004221,"Glycerol, food additive (422)","Additive used as a humectant, solvent, bodying agent and/or plasticiser. ","1,800",0,0,0,0,0,0
F004288,"Gum, guar, food additive (412)","Additive used as a thickener, stabiliser and/or emulsifier. ",743,4.7,0.3,0,0.5,0.5,13
F004289,"Gum, xanthan, food additive (415)","Additive used as a thickener, stabiliser, emulsifier and/or foaming agent. ",640,0,0,0,0,0,620
F004401,Hydrolysed vegetable protein (HVP),Additive commonly used as a flavour enhancer. ,976,40,2,0.01,12.9,12.8,"17,000"
F004402,"Hydroxypropyl distarch phosphate, food additive (1442)","Additive used as a thickener, stabiliser and/or emulsifier. ","1,273",0,0,0,74.9,0,0
F004547,"Indigotine (FD&C blue 2), food additive (132), anhydrous",Additive used as blue food colouring. Note the anhydrous form of the compound and associated sodium content.,0,0,0,0,0,0,"9,858"
F004592,"Isomalt, food additive (953)",Additive used as a sugar substitute. ,"1,100",0,0,0,0,0,0
F011007,"Lactic acid, food additive (270)","Additive used as an acid and/or acidifier. 
","1,300",0,0,0,0,0,0
F004821,"Lactitol, food additive (966)",Additive used as a sugar substitute. ,"1,100",0,0,0,0,0,0
F005281,"Malt extract, liquid",Sweet extract derived from malted barley. ,"1,380",6.2,0,0,75,49,35
F005282,"Maltitol, food additive (965)",Additive used as a sugar substitute. ,"1,300",0,0,0,0,0,0
F005303,"Mannitol, food additive (421)",Additive used as a sugar substitute. ,900,0,0,0,0,0,0
F005816,"Monosodium L-glutamate, food additive (621), anhydrous",Additive used as a flavour enhancer. Note the anhydrous form of the compound and associated protein and sodium content.,"1,469",86.4,0,0,0,0,"13,595"
F006839,"Polydextroses, food additive (1200)","Additive used as a bulking agent, humectant, stabiliser and/or thickener. ",500,0,0,0,0,0,0
F007181,"Potassium sodium L-tartrate, food additive (337), anhydrous",Additive used as a sequestrant and/or stabiliser. Note the anhydrous form of the compound and associated sodium and energy content.,916,0,0,0,0,0,"10,939"
F008378,"Sodium acetate, food additive (262), anhydrous",Additive used as a buffering agent. Note the anhydrous form of the compound and associated sodium and energy content.,936,0,0,0,0,0,"28,026"
F008379,"Sodium alginate, food additive (401)","Additive used as a stabiliser, thickener, gelling agent and/or emulsifier. ",707,0,0,0,0,0,"11,605"
F008380,"Sodium aluminium phosphate, food additive (541), acidic, anhydrous",Additive used as a raising agent. Note the anhydrous form of the compound and associated sodium content.,0,0,0,0,0,0,"7,682"
F008381,"Sodium aluminosilicate, food additive (554)",Additive used as an anticaking agent. ,0,0,0,0,0,0,"11,373"
F008382,"Sodium ascorbate, food additive (301)",Additive used as an antioxidant. ,0,0,0,0,0,0,"11,605"
F008383,"Sodium benzoate, food additive (211)",Additive used as an antimicrobial preservative. ,0,0,0,0,0,0,"15,954"
F008384,"Sodium calcium polyphosphate, food additive (452), anhydrous","Additive used as a stabiliser, leavening agent, emulsifier and/or nutrient. Note the anhydrous form of the compound and associated sodium content. ",0,0,0,0,0,0,"20,313"
F008385,"Sodium carbonate, food additive (500), anhydrous",Additive used as an acidity regulator. Note the difference in application and sodium content of similarly named sodium bi-carbonate commonly known as baking soda.,0,0,0,0,0,0,"43,382"
F008386,"Sodium carboxymethylcellulose, food additive (466)","Additive used as a thickening agent, stabiliser and/or suspension agent. ",0,0,0,0,0,0,"8,768"
F008387,"Sodium dihydrogen citrate, food additive (331)",Additive used as a buffering agent and/or sequestrant. ,"1,166",0,0,0,0,0,"10,738"
F008388,"Sodium erythorbate, food additive (316), anhydrous",Additive used as an antioxidant. Note the anhydrous form of the compound and associated sodium and energy content.,0,0,0,0,0,0,"11,605"
F008389,"Sodium hydrogen sulphite, food additive (222)","Additive used as an antibrowning agent, antioxidant and/or preservative. ",0,0,0,0,0,0,"22,093"
F008390,"Sodium lactate, food additive (325), anhydrous","Additive used as an antioxidant synergist, bodying agent and/or humectant. ","1,045",0,0,0,0,0,"20,516"
F008391,"Sodium L-tartrate, food additive (335), anhydrous",Additive used as a sequestrant and/or stabiliser. Note the anhydrous form of the compound and associated sodium and energy content.,"1,005",0,0,0,0,0,"23,695"
F008392,"Sodium malate, food additive (350), anhydrous",Additive used as an acidity regulator. Note the anhydrous form of the compound and associated sodium and energy content.,979,0,0,0,0,0,"25,824"
F008393,"Sodium metabisulphite, food additive (223)","Additive commonly used as an antibrowning agent, antioxidant and/or preservative. ",0,0,0,0,0,0,"24,186"
F008394,"Sodium nitrate, food additive (251)",Additive used as an antimicrobial preservative and/or colour fixative. ,0,0,0,0,0,0,"27,048"
F008395,"Sodium nitrite, food additive (250)",Additive used as an antimicrobial preservative and/or colour fixative. ,0,0,0,0,0,0,"33,321"
F008396,"Sodium propionate, food additive (281)","Additive used as a preservative, antimould and/or antirope agent. ","1,001",0,0,0,0,0,"23,933"
F008397,Sodium salt of fatty acids (470),Additive commonly used as an anticaking agent and/or emulsifier. ,"3,411",0,92.2,68.96,0,0,"8,813"
F011008,"Sodium sorbate, food additive (201)",Additive used as a preservative. ,"3,067",0,82.9,0,0,0,"17,142"
F008398,"Sodium stearoyl lactylate, food additive (481)",Additive commonly used as an emulsifier and preservative. ,"2,458",0,59.4,59.4,0,0,"5,102"
F008399,"Sodium sulphate, food additive (514), anhydrous",Additive used as a colour adjuvant. Note the anhydrous form of the compound and associated sodium content.,0,0,0,0,0,0,"32,371"
F008400,"Sodium sulphite, food additive (221)","Additive used as an antibrowning agent, antioxidant and/or preservative. ",0,0,0,0,0,0,"36,477"
F008401,"Sodium tripolyphosphate, food additive (451), anhydrous",Additive used as a sequestrant and/or texturiser. Note the anhydrous form of the compound and associated sodium content.,0,0,0,0,0,0,"31,248"
F008473,"Sorbitol, food additive (420)","Additive used as a sweetener, humectant, sequestrant, texturiser, stabiliser and/or bulking agent with. ","1,400",0,0,0,0,0,0
F008829,"Starch sodium octenylsuccinate, food additive (1450)","Additive used as a thickener, stabiliser, binder and/or emulsifier. ","1,472",0,0,0,86.6,0,152
F008989,"Sunset yellow FCF (FD&C yellow 6), food additive (110), anhydrous",Additive used as yellow food colouring. Note the anhydrous form of the compound and associated sodium content.,0,0,0,0,0,0,"10,163"
F005245,"Tartaric acid, food additive (334)","Additive used as a synergist for antioxidants, acid, sequestrant and/or flavouring agent. ","1,300",0,0,0,0,0,0
F009110,"Tartrazine (FD&C yellow 5), food additive (102), anhydrous",Additive used as yellow food colouring. Note the anhydrous form of the compound and associated sodium content.,0,0,0,0,0,0,"12,906"
F009146,"Tetrasodium pyrophosphate, food additive (450), anhydrous","Additive used as an emulsifier, buffering agent and/or sequestrant. Note the anhydrous form of the compound and associated sodium content.",0,0,0,0,0,0,"34,584"
F009601,"Xylitol, food additive (967)",Additive used as a sweetener and/or humectant. ,"1,400",0,0,0,0,0,0
